DeviceName,,,,,,,,,
ACLWEBNTS02,,,,,,,,,
ACWDFS01,,,,,,,,,
ACWLIC01,,,,,,,,,
ACWPWCHE01,,,,,,,,,
ADGWEBDEV101CL,,,,,,,,,
ADGWEBDEV103,,,,,,,,,
ADLAD01,,,,,,,,,
ADLNASAV101,,,,,,,,,
ADLPWC02,,,,,,,,,
AIRPP01,,,,,,,,,
ai-squad-test-v,,,,,,,,,
AKLFS102,,,,,,,,,
AKLNASAV101,,,,,,,,,
AKLOPS101,,,,,,,,,
AKLPWC02,,,,,,,,,
AKLSVC101,,,,,,,,,
AKLVMLIC01,,,,,,,,,
AMRAD101,,,,,,,,,
AMRASRTEST04,,,,,,,,,
AMRAVEXTSQL101,,,,,,,,,
AMRCLARITY02,,,,,,,,,
AMRCLARITY03,,,,,,,,,
AMRCOMMSERVE,,,,,,,,,
AMRCVMA01,,,,,,,,,
AMRDNS01,,,,,,,,,
AMRDNS02,,,,,,,,,
AMRIOCIRIS,,,,,,,,,
AMRMFA101,,,,,,,,,
AMRNETUTIL01,,,,,,,,,
AMRPDEPDMP101,,,,,,,,,
AMRPDEPDMPD01,,,,,,,,,
AMRPWAUTO101,,,,,,,,,
AMRPZERTO101,,,,,,,,,
AMRSEC02,,,,,,,,,
AMRSQLBIMC01L1,,,,,,,,,
AMRSWINDSSQL101,,,,,,,,,
AMRSWNPM101,,,,,,,,,
AMRTZERTO01,,,,,,,,,
AMRUCUTIL101,,,,,,,,,
AMRUTIL01,,,,,,,,,
AMRUTIL101,,,,,,,,,
AMRUTIL102,,,,,,,,,
AMRUTIL103,,,,,,,,,
AMRWEB02,,,,,,,,,
AMSAD01,,,,,,,,,
AMSDFS01,,,,,,,,,
AMSLIC03,,,,,,,,,
AMSPRINT02,,,,,,,,,
AMSPWCHE01,,,,,,,,,
am-temp11eec2b5,,,,,,,,,
am-temp1d4f22ff,,,,,,,,,
am-temp2e8bfe70,,,,,,,,,
am-temp53faf311,,,,,,,,,
am-temp739c5eb3,,,,,,,,,
am-temp770c781c,,,,,,,,,
am-temp775eaa3b,,,,,,,,,
am-tempa1e9b9dd,,,,,,,,,
am-tempe1f50a1a,,,,,,,,,
am-tempeea274f3,,,,,,,,,
am-tempf5d1c4a9,,,,,,,,,
amxgislic01,,,,,,,,,
AMXNDES01,,,,,,,,,
AMXRWA02,,,,,,,,,
APPSTOREPROD01,,,,,,,,,
ARUP-ACCS-NEW,,,,,,,,,
ARUPAUTOHYBRIDV,,,,,,,,,
ARUPRAP101,,,,,,,,,
ATLNTS03,,,,,,,,,
AUAZMIGRATE101,,,,,,,,,
augislic01,,,,,,,,,
AUPRODIPP01,,,,,,,,,
AUSACOWIKI01,,,,,,,,,
AUSAIPS201,,,,,,,,,
AUSARCH01,,,,,,,,,
AUSBRIDWEB01,,,,,,,,,
AUSCLARITY02,,,,,,,,,
AUSDATACOLLEC01,,,,,,,,,
AUSDC1JUMP101,,,,,,,,,
AUSDEVWS01,,,,,,,,,
AUSDOORS01,,,,,,,,,
auseicccore01,,,,,,,,,
auseicccore02,,,,,,,,,
auseiccedge01,,,,,,,,,
auseiccedge02,,,,,,,,,
auseiccmon01,,,,,,,,,
auseiccmon02,,,,,,,,,
AUSENVSRV01,,,,,,,,,
AUSFLOOD01,,,,,,,,,
AUSFLOOD02,,,,,,,,,
AUSFLOOD03,,,,,,,,,
AUSGSGBLD101,,,,,,,,,
AUSHPC301,,,,,,,,,
AUSJMSE101,,,,,,,,,
AUSLIC01,,,,,,,,,
AUSLIC02,,,,,,,,,
AUSLIC03,,,,,,,,,
AUSLIC04,,,,,,,,,
AUSMFA101,,,,,,,,,
AUSNETUTIL01,,,,,,,,,
AUSNETUTIL02,,,,,,,,,
AUSNETUTIL03,,,,,,,,,
AUSPASAT101,,,,,,,,,
AUSPBI01,,,,,,,,,
AUSPDEPDMP101,,,,,,,,,
AUSPSSE01,,,,,,,,,
AUSPW112,,,,,,,,,
AUSPW114,,,,,,,,,
AUSPWGWY102,,,,,,,,,
AUSPWIS01,,,,,,,,,
AUSPWREN02,,,,,,,,,
AUSPWSQL01,,,,,,,,,
AUSPWSQL102,,,,,,,,,
AUSPWTEST01,,,,,,,,,
AUSPWUSS101,,,,,,,,,
AUSPWWS01,,,,,,,,,
AUSPZERTO101,,,,,,,,,
AUSRDS101,,,,,,,,,
AUSRWAWEB,,,,,,,,,
AUSSNOWMID01,,,,,,,,,
AUSSNOWMID02,,,,,,,,,
AUSSQLSHR101,,,,,,,,,
AUSSQLSHRU01,,,,,,,,,
AUSSVC101,,,,,,,,,
AUSSVC102,,,,,,,,,
AUSSWNPM202,,,,,,,,,
AUSSWNPM203,,,,,,,,,
AUSTRANS01,,,,,,,,,
AUSTRANSSQL01,,,,,,,,,
AUSUCMA11,,,,,,,,,
AUSUTIL102,,,,,,,,,
AUSUTIL111,,,,,,,,,
AUSVSBS101,,,,,,,,,
AUTREESIZE01,,,,,,,,,
AUVMLIC04,,,,,,,,,
AWAUACOSRV,,,,,,,,,
AWAUACOSRV01,,,,,,,,,
AWAUACOSRV02,,,,,,,,,
AWAUACOSRV03,,,,,,,,,
AWAUACOSRV04,,,,,,,,,
AWAUACOSRV05,,,,,,,,,
AWLSDYNAPR05,,,,,,,,,
AWLSDYNAPR06,,,,,,,,,
AWLSDYNAPR07,,,,,,,,,
AWLSDYNAPR08,,,,,,,,,
AWLSDYNAPR11,,,,,,,,,
AWLSDYNAPR12,,,,,,,,,
AWS-ELAPLAN-LIC,,,,,,,,,
AWS-SOFI-LIC,,,,,,,,,
az1edatasyncp01,,,,,,,,,
az1edatasynct01,,,,,,,,,
az2ndnatp01,,,,,,,,,
AZ2NDNATT01,,,,,,,,,
azabsswsvr01,,,,,,,,,
AZACOUSTICDB01,,,,,,,,,
azadconnectp01,,,,,,,,,
AZADCONNECTP02,,,,,,,,,
AZADESKLICAUE01,,,,,,,,,
AZADESKLICAUE02,,,,,,,,,
AZADESKLICEA01,,,,,,,,,
AZADESKLICSUS01,,,,,,,,,
AZADESKLICUKS01,,,,,,,,,
AZADESKLICUKS02,,,,,,,,,
azadeskvltuks01,,,,,,,,,
AZADINTUNEC01,,,,,,,,,
azagpmgpp101,,,,,,,,,
azamayaztest01,,,,,,,,,
az-amr-as01,,,,,,,,,
azamredged01,,,,,,,,,
azamribmdoorp01,,,,,,,,,
az-amr-lm01,,,,,,,,,
azamrlm02,,,,,,,,,
az-amr-lm02,,,,,,,,,
az-amr-lm03,,,,,,,,,
azamrocum101,,,,,,,,,
azamrodbibmdp01,,,,,,,,,
azamrpwautop101,,,,,,,,,
azamrpwautop102,,,,,,,,,
azamrpwchep101,,,,,,,,,
AZAMRPWCHEP202,,,,,,,,,
azamrpwgwyp101,,,,,,,,,
azamrpwintp101,,,,,,,,,
AZAMRPZERTO101,,,,,,,,,
azamrutil101,,,,,,,,,
azamrutil201,,,,,,,,,
azappproxyuks01,,,,,,,,,
azappproxyuks02,,,,,,,,,
azarchiveweu01,,,,,,,,,
azarchiveweu02,,,,,,,,,
azarchiveweu03,,,,,,,,,
azarchiveweu04,,,,,,,,,
azarchiveweu05,,,,,,,,,
azassetbankp01,,,,,,,,,
azassetbanku01,,,,,,,,,
azauatagsdsp01,,,,,,,,,
azauatagshstp01,,,,,,,,,
azauatagsimg01,,,,,,,,,
azauatagsp01,,,,,,,,,
azauatagswa01,,,,,,,,,
azauatagsweb01,,,,,,,,,
azauatagsweb02,,,,,,,,,
azauatagsweb03,,,,,,,,,
azauatagsweb04,,,,,,,,,
azauatmonap01,,,,,,,,,
azauatmonsp01,,,,,,,,,
azauatptlp02,,,,,,,,,
AZAUECVOVSCAN01,,,,,,,,,
azauedns01,,,,,,,,,
azaueparc101,,,,,,,,,
AZAUERHINOC01,,,,,,,,,
azauesowpoll01,,,,,,,,,
azauesowweb01,,,,,,,,,
azaujamse101,,,,,,,,,
azausccertca01,,,,,,,,,
azausedfs101,,,,,,,,,
azausedfs102,,,,,,,,,
azausedns01,,,,,,,,,
azausfmecorep02,,,,,,,,,
azausfmeengp01,,,,,,,,,
azausfmeengp02,,,,,,,,,
azausiociris01,,,,,,,,,
azauspwautop101,,,,,,,,,
azauspwautop102,,,,,,,,,
azauspwchep101,,,,,,,,,
AZAUSPWCHEP201,,,,,,,,,
azauspwgwyp101,,,,,,,,,
azauspwintp101,,,,,,,,,
azaussedfs101,,,,,,,,,
azaussedfs102,,,,,,,,,
azausselic01,,,,,,,,,
azausselic02,,,,,,,,,
azausselock01,,,,,,,,,
azautoarchive01,,,,,,,,,
AZAVDW16PROBASE,,,,,,,,,
AZAVDW16PRSBASE,,,,,,,,,
AZAVDW19EUPBASE,,,,,,,,,
AZAVDW2016PRBSE,,,,,,,,,
AZAVDW2016PRBSS,,,,,,,,,
AZAVDW2016PROG,,,,,,,,,
AZAVDW25PRGBASE,,,,,,,,,
AZAVDWIN16PRBSE,,,,,,,,,
azaxismgmt01,,,,,,,,,
azaxmgtt101,,,,,,,,,
azaxwydrftpp101,,,,,,,,,
azbizdesignp01,,,,,,,,,
azbosprintp01,,,,,,,,,
azbpappd101,,,,,,,,,
azbpappp101,,,,,,,,,
azbpappp102,,,,,,,,,
azbpappu101,,,,,,,,,
azbpappu102,,,,,,,,,
azbpicd101,,,,,,,,,
azbpicp101,,,,,,,,,
azbpicu101,,,,,,,,,
azbprtd101,,,,,,,,,
azbprtd102,,,,,,,,,
azbprtd103,,,,,,,,,
azbprtd104,,,,,,,,,
azbprtd105,,,,,,,,,
azbprtd106,,,,,,,,,
azbprtp101,,,,,,,,,
azbprtp102,,,,,,,,,
azbprtp103,,,,,,,,,
azbprtp104,,,,,,,,,
azbprtp105,,,,,,,,,
azbprtp106,,,,,,,,,
azbprtp107,,,,,,,,,
azbprtp108,,,,,,,,,
azbprtp109,,,,,,,,,
azbprtp110,,,,,,,,,
azbprtp111,,,,,,,,,
azbprtp112,,,,,,,,,
azbprtp113,,,,,,,,,
azbprtu101,,,,,,,,,
azbprtu102,,,,,,,,,
azbprtu103,,,,,,,,,
azbprtu104,,,,,,,,,
azcaatagsdsp01,,,,,,,,,
azcaatagsdsu01,,,,,,,,,
azcaatagshstp01,,,,,,,,,
azcaatagshstu01,,,,,,,,,
azcaatagsimg01,,,,,,,,,
azcaatagsimgu01,,,,,,,,,
azcaatagsp01,,,,,,,,,
azcaatagsu01,,,,,,,,,
AZCAATAGSWA01,,,,,,,,,
azcaatagswau01,,,,,,,,,
azcaatagsweb01,,,,,,,,,
azcaatagsweb02,,,,,,,,,
azcaatagswebu01,,,,,,,,,
azcaatagswebu02,,,,,,,,,
azcaatmonap01,,,,,,,,,
azcaatmonsp01,,,,,,,,,
AZCAATPTLP01,,,,,,,,,
azcaatptlu01,,,,,,,,,
azcacdfs101,,,,,,,,,
azcacdfs102,,,,,,,,,
AZCACDNS01,,,,,,,,,
azcacmassmlic01,,,,,,,,,
AZCAECVOVSCAN01,,,,,,,,,
azcaedfs101,,,,,,,,,
azcaedfs102,,,,,,,,,
AZCAEDNS01,,,,,,,,,
AZCANCVOVSCAN01,,,,,,,,,
azccatagsdsp01,,,,,,,,,
azccatagsdsu01,,,,,,,,,
azccatagshstp01,,,,,,,,,
azccatagshstu01,,,,,,,,,
azccatagsimg01,,,,,,,,,
azccatagsimgu01,,,,,,,,,
azccatagsp01,,,,,,,,,
azccatagsu01,,,,,,,,,
azccatagswa01,,,,,,,,,
azccatagswau01,,,,,,,,,
azccatagsweb01,,,,,,,,,
azccatagsweb02,,,,,,,,,
azccatagswebu01,,,,,,,,,
azccatagswebu02,,,,,,,,,
azccatptlp01,,,,,,,,,
azccatptlu01,,,,,,,,,
azcccsrp01,,,,,,,,,
azcecsrp01,,,,,,,,,
azcesprodvm01,,,,,,,,,
azcfd01,,,,,,,,,
azchiabcprint01,,,,,,,,,
azchwvmss01,,,,,,,,,
azciscosecp101,,,,,,,,,
azdadmigprod101,,,,,,,,,
azdataquest01,,,,,,,,,
azdijumpbox01,,,,,,,,,
azdijumpbox02,,,,,,,,,
azdijumpbox03,,,,,,,,,
azdijumpbox04,,,,,,,,,
azdijumpbox05,,,,,,,,,
azdijumpbox06,,,,,,,,,
azdoorsngpapp01,,,,,,,,,
azdoorsngpdb01,,,,,,,,,
AZEAAUTOARCH01,,,,,,,,,
azeacaweb01,,,,,,,,,
azeacertca01,,,,,,,,,
azeadfs101,,,,,,,,,
azeadfs102,,,,,,,,,
azeadns01,,,,,,,,,
azeapacutapp01,,,,,,,,,
azeapacutapp02,,,,,,,,,
AZEARHINOC01,,,,,,,,,
azearpwautop101,,,,,,,,,
azearpwautop102,,,,,,,,,
azearpwchep101,,,,,,,,,
AZEARPWCHEP201,,,,,,,,,
azearpwgwyp101,,,,,,,,,
azearpwintp101,,,,,,,,,
AZEARRHINOC01,,,,,,,,,
azeasowpoll01,,,,,,,,,
azesriadmau01,,,,,,,,,
azesriadmeu01,,,,,,,,,
azeuadeskp01,,,,,,,,,
azeurcostosu01,,,,,,,,,
azeurpwautop101,,,,,,,,,
azeurpwautop102,,,,,,,,,
azeurpwchep101,,,,,,,,,
AZEURPWCHEP201,,,,,,,,,
azeurpwgwyp101,,,,,,,,,
azeurpwintp101,,,,,,,,,
azeurram101,,,,,,,,,
azeuscvotest,,,,,,,,,
AZEUSCVOVSCAN01,,,,,,,,,
azeusdfs101,,,,,,,,,
azeusdfs102,,,,,,,,,
azeusdns01,,,,,,,,,
azexmoodleuat01,,,,,,,,,
azexmoodprod01,,,,,,,,,
AZFINPRGIMG2022,,,,,,,,,
azgbatagsdsp01,,,,,,,,,
azgbatagshstp01,,,,,,,,,
azgbatagsimg01,,,,,,,,,
azgbatagsmon01,,,,,,,,,
azgbatagsp01,,,,,,,,,
azgbatagswa01,,,,,,,,,
azgbatagsweb01,,,,,,,,,
AZGBATAGSWEB02,,,,,,,,,
azgbatagsweb03,,,,,,,,,
azgbatagsweb04,,,,,,,,,
azgbatmonap01,,,,,,,,,
azgbatmonsp01,,,,,,,,,
azgbatptlp01,,,,,,,,,
azgfssdata01,,,,,,,,,
azglowsp102,,,,,,,,,
azgssmodtsts101,,,,,,,,,
azgurobiau01,,,,,,,,,
azhkjams101,,,,,,,,,
azhkjamse101,,,,,,,,,
azhkofficevm01,,,,,,,,,
azhkzerto101,,,,,,,,,
azhotdocsuat01,,,,,,,,,
azhotdocsukpr01,,,,,,,,,
azhouprintp01,,,,,,,,,
azhouseicm01,,,,,,,,,
azhubwebp101,,,,,,,,,
azieatagsdsp01,,,,,,,,,
azieatagshstp01,,,,,,,,,
azieatagsimg01,,,,,,,,,
azieatagsp01,,,,,,,,,
AZIEATAGSWA01,,,,,,,,,
azieatagsweb01,,,,,,,,,
azieatagsweb02,,,,,,,,,
azieatdagsdsp01,,,,,,,,,
azieatdagsgen01,,,,,,,,,
azieatdagsgen02,,,,,,,,,
azieatdagsgen03,,,,,,,,,
azieatdagshst01,,,,,,,,,
azieatdagsimg01,,,,,,,,,
AZIEATDAGSOD01,,,,,,,,,
azieatdagsp01,,,,,,,,,
azieatdagswa01,,,,,,,,,
azieatdagsweb01,,,,,,,,,
azieatdagsweb02,,,,,,,,,
AZIEATDAGSWEB03,,,,,,,,,
AZIEATDAGSWEB04,,,,,,,,,
AZIEATDPTLP01,,,,,,,,,
azieatmonad01,,,,,,,,,
azieatmonap01,,,,,,,,,
azieatmonau01,,,,,,,,,
azieatmonsd01,,,,,,,,,
azieatmonsp01,,,,,,,,,
azieatmonsu01,,,,,,,,,
AZIEATPTLP01,,,,,,,,,
AZIEATUAGSDSP01,,,,,,,,,
AZIEATUAGSHST01,,,,,,,,,
azieatuagsimg01,,,,,,,,,
azieatuagsod01,,,,,,,,,
azieatuagsp01,,,,,,,,,
azieatuagswa01,,,,,,,,,
azieatuagsweb01,,,,,,,,,
azieatuagsweb02,,,,,,,,,
azieatuagsweb03,,,,,,,,,
azieatuagsweb04,,,,,,,,,
AZIEATUPTLP01,,,,,,,,,
azieslicp01,,,,,,,,,
azifradmd101,,,,,,,,,
azifradmdt01,,,,,,,,,
azifradmp101,,,,,,,,,
azifradmpre101,,,,,,,,,
azifradmu101,,,,,,,,,
azifrappd101,,,,,,,,,
azifrappp101,,,,,,,,,
azifrappp102,,,,,,,,,
azifrappp103,,,,,,,,,
azifrappp104,,,,,,,,,
azifrappp105,,,,,,,,,
azifrappp106,,,,,,,,,
azifrappp107,,,,,,,,,
azifrapppre101,,,,,,,,,
azifrapppre102,,,,,,,,,
azifrappt101,,,,,,,,,
azifrappu101,,,,,,,,,
azifrappu102,,,,,,,,,
azihrplusp01,,,,,,,,,
azihrplusu01,,,,,,,,,
aziia01,,,,,,,,,
azikaund01,,,,,,,,,
azikaunppcvd01,,,,,,,,,
azikaunppcvp01,,,,,,,,,
azikaunppcvu01,,,,,,,,,
azintcertp01,,,,,,,,,
AZIPPD101,,,,,,,,,
azippp101,,,,,,,,,
azjdearcp101,,,,,,,,,
azjdedepp101,,,,,,,,,
AZJDEDESKNP101,,,,,,,,,
AZJDEDESKNP102,,,,,,,,,
AZJDEDESKNP103,,,,,,,,,
AZJDEDESKNP104,,,,,,,,,
AZJDEDESKNP105,,,,,,,,,
AZJDEDESKP101,,,,,,,,,
AZJDEDESKP102,,,,,,,,,
AZJDEDESKP103,,,,,,,,,
azjpenetappav01,,,,,,,,,
azk2fiveukuat01,,,,,,,,,
azlaprintp01,,,,,,,,,
azlautil01,,,,,,,,,
azlicp01,,,,,,,,,
azlicp02,,,,,,,,,
azlicp03,,,,,,,,,
azlicp04,,,,,,,,,
AZLOCALEST02,,,,,,,,,
AZLOCALTEST01,,,,,,,,,
AZLOCALTEST02,,,,,,,,,
AZLOCALTEST03,,,,,,,,,
azmapprod01,,,,,,,,,
azmetrolinxp01,,,,,,,,,
azmetrolinxt01,,,,,,,,,
azmimp01,,,,,,,,,
azmimt01,,,,,,,,,
azmimu01,,,,,,,,,
azmoodlep01,,,,,,,,,
azmoodleu01,,,,,,,,,
azmsodasmtp01,,,,,,,,,
azmtlprintp01,,,,,,,,,
aznacvoavase01,,,,,,,,,
aznacvoavaue01,,,,,,,,,
aznacvoavea01,,,,,,,,,
aznacvoavncup01,,,,,,,,,
aznacvoavncup02,,,,,,,,,
aznacvoavncup03,,,,,,,,,
AZNACVOAVNEU01,,,,,,,,,
aznacvoavscup01,,,,,,,,,
aznacvoavsea01,,,,,,,,,
aznacvoavuks01,,,,,,,,,
aznacvoavukw01,,,,,,,,,
AZNACVOAVWEU01,,,,,,,,,
azncusdfs101,,,,,,,,,
azncusdfs102,,,,,,,,,
azncusdns01,,,,,,,,,
azncuseaap01,,,,,,,,,
azncuseaap02,,,,,,,,,
azncussowpoll01,,,,,,,,,
azncussowweb01,,,,,,,,,
azncusutil01,,,,,,,,,
azneuads01,,,,,,,,,
azneuautohyb01,,,,,,,,,
azneuavdlog101,,,,,,,,,
azneudfs101,,,,,,,,,
azneudfs102,,,,,,,,,
azneudns01,,,,,,,,,
azneueqi01,,,,,,,,,
aznjprintp01,,,,,,,,,
aznps01,,,,,,,,,
aznps02,,,,,,,,,
aznylmp01,,,,,,,,,
aznyprintp01,,,,,,,,,
aznyutil01,,,,,,,,,
aznyutil02,,,,,,,,,
azoakprintp01,,,,,,,,,
azomwnause01,,,,,,,,,
azomwnea01,,,,,,,,,
azomwnncus01,,,,,,,,,
azomwnneu01,,,,,,,,,
azomwnscus01,,,,,,,,,
azomwnuks01,,,,,,,,,
azosysmass01,,,,,,,,,
azosysmassnv01,,,,,,,,,
azovaordd101,,,,,,,,,
azovaordp101,,,,,,,,,
azovaordu101,,,,,,,,,
azovassod101,,,,,,,,,
azovassod102,,,,,,,,,
azovassop101,,,,,,,,,
azovassop102,,,,,,,,,
azovassou101,,,,,,,,,
azovassou102,,,,,,,,,
azovrefresh01,,,,,,,,,
azpadfshird01,,,,,,,,,
azpadfshirp01,,,,,,,,,
azpadfshirt01,,,,,,,,,
azpadfshiru01,,,,,,,,,
AZPAFRSCCMCP01,,,,,,,,,
AZPAFRSCCMCP101,,,,,,,,,
AZPAMRSCCMCP101,,,,,,,,,
azpappproxyea01,,,,,,,,,
azpappproxyea02,,,,,,,,,
azpappproxyne01,,,,,,,,,
azpappproxyne02,,,,,,,,,
AZPAPPPROXYUS01,,,,,,,,,
AZPAPPPROXYUS02,,,,,,,,,
az-pat-ause01,,,,,,,,,
az-pat-ea01,,,,,,,,,
az-pat-ncus01,,,,,,,,,
az-pat-uks01,,,,,,,,,
azpauecladb01,,,,,,,,,
azpauepr101,,,,,,,,,
azpauepr102,,,,,,,,,
AZPAUEZERTO101,,,,,,,,,
azpausclaap01,,,,,,,,,
AZPAUSESCCMCP01,,,,,,,,,
AZPAUSSCCMCP101,,,,,,,,,
azpavuks101,,,,,,,,,
AZPAVUKS102,,,,,,,,,
azpayjbd101,,,,,,,,,
azpayjbp101,,,,,,,,,
azpayjbp201,,,,,,,,,
azpayjbpre101,,,,,,,,,
azpayjbs101,,,,,,,,,
azpayjbu101,,,,,,,,,
AZPBBP01,,,,,,,,,
AZPCVOAVCAC01,,,,,,,,,
AZPCVOAVNCUS101,,,,,,,,,
AZPCVOAVNCUS102,,,,,,,,,
AZPCVOAVNEU01,,,,,,,,,
AZPCVOAVNEU101,,,,,,,,,
AZPCVOAVSAN01,,,,,,,,,
AZPCVOAVSCUS101,,,,,,,,,
AZPCVOAVUKS01,,,,,,,,,
AZPCVOAVUKS02,,,,,,,,,
AZPCVOAVUKW01,,,,,,,,,
AZPCVOAVWEU101,,,,,,,,,
AZPEAAKIF101,,,,,,,,,
azpeaclaap01,,,,,,,,,
azpeacvocopy01,,,,,,,,,
AZPEARSCCMCP101,,,,,,,,,
AZPEASCCMCP01,,,,,,,,,
azpentest01,,,,,,,,,
AZPEURSCCMCP101,,,,,,,,,
AZPEURSCCMCP102,,,,,,,,,
azpeusrmvm01,,,,,,,,,
azphkfile01,,,,,,,,,
azpiisshrp01,,,,,,,,,
azpiisshrp02,,,,,,,,,
azpiisshru01,,,,,,,,,
AZPJONBT03,,,,,,,,,
AZPJONBT04,,,,,,,,,
AZPMTLKTWEBPROD,,,,,,,,,
AZPMTLKTWEBUAT,,,,,,,,,
AZPNCUSMCEPO01,,,,,,,,,
AZPNCUSSCCMCP01,,,,,,,,,
azpneufs01,,,,,,,,,
AZPNUONEU01,,,,,,,,,
azpocumaue101,,,,,,,,,
azpocumea101,,,,,,,,,
azpocumea102,,,,,,,,,
AZPOCUMNEU101,,,,,,,,,
azpocumneu102,,,,,,,,,
azpocumuks101,,,,,,,,,
azpocumuks102,,,,,,,,,
AZPOWERBICAN01,,,,,,,,,
azpowerbieap01,,,,,,,,,
azpowerbieus01,,,,,,,,,
azpowerbieusp01,,,,,,,,,
AZPOWERBIUKSP01,,,,,,,,,
azppcthvaueu101,,,,,,,,,
azppcthveau101,,,,,,,,,
azppcthvuksu101,,,,,,,,,
azppcthvweuu101,,,,,,,,,
azppltm01,,,,,,,,,
azppltm02,,,,,,,,,
azprapid7au01,,,,,,,,,
azprapid7ea01,,,,,,,,,
azprapid7neu01,,,,,,,,,
azprapid7san01,,,,,,,,,
azprapid7uks01,,,,,,,,,
azprapid7ukw01,,,,,,,,,
azprapid7us01,,,,,,,,,
azprapidr7aue01,,,,,,,,,
azprapidr7ea01,,,,,,,,,
azprapidr7uks01,,,,,,,,,
AZPROADMD101,,,,,,,,,
AZPROADMP101,,,,,,,,,
AZPROADMPRE101,,,,,,,,,
AZPROADMU101,,,,,,,,,
AZPROAPIP101,,,,,,,,,
AZPROAPIU101,,,,,,,,,
azproavdp0e,,,,,,,,,
azproavdp1f,,,,,,,,,
azproavdp32,,,,,,,,,
azproavdp3a,,,,,,,,,
azproavdp42,,,,,,,,,
azproavdp44,,,,,,,,,
azproavdp50,,,,,,,,,
azproavdp57,,,,,,,,,
azproavdp5a,,,,,,,,,
azproavdp67,,,,,,,,,
AZPROAVDP82,,,,,,,,,
azproavdp94,,,,,,,,,
azproavdp97,,,,,,,,,
azproavdp9c,,,,,,,,,
azproavdpad,,,,,,,,,
azproavdpb5,,,,,,,,,
azproavdpb8,,,,,,,,,
azproavdpd6,,,,,,,,,
azproavdpe8,,,,,,,,,
azproavdpef,,,,,,,,,
azproavdpf0,,,,,,,,,
azproavdpf2,,,,,,,,,
azproavdpfd,,,,,,,,,
azproavdu10,,,,,,,,,
azproavdu3e,,,,,,,,,
azproavdu96,,,,,,,,,
azproavdu9c,,,,,,,,,
AZPROGRSKYP101,,,,,,,,,
azprogrskyu101,,,,,,,,,
azprowatchp01,,,,,,,,,
azpscusvscan01,,,,,,,,,
azpsqladscp01,,,,,,,,,
azpsqladscp02,,,,,,,,,
azpsqladscp03,,,,,,,,,
azpsqladscu01,,,,,,,,,
azpsqladscu02,,,,,,,,,
azpsqladscu03,,,,,,,,,
azpsqladsdp01,,,,,,,,,
azpsqladsdu01,,,,,,,,,
AZPSQLADSU01,,,,,,,,,
azpsqlassu01,,,,,,,,,
AZPSQLBBMP01,,,,,,,,,
azpsqlbimc01,,,,,,,,,
azpsqlbimcp01,,,,,,,,,
azpsqlbimcp02,,,,,,,,,
azpsqlbimcp03,,,,,,,,,
AZPSQLBIPD01,,,,,,,,,
azpsqlclap01,,,,,,,,,
azpsqlclap02,,,,,,,,,
azpsqlclap03,,,,,,,,,
azpsqlclap04,,,,,,,,,
azpsqlclau01,,,,,,,,,
AZPSQLCOSTP02,,,,,,,,,
azpsqlcostu01,,,,,,,,,
AZPSQLCOSTU02,,,,,,,,,
AZPSQLDBAP01,,,,,,,,,
azpsqlgisp01,,,,,,,,,
azpsqlgisp02,,,,,,,,,
azpsqlgisp03,,,,,,,,,
azpsqlgisp04,,,,,,,,,
azpsqlgisp05,,,,,,,,,
azpsqlgisp07,,,,,,,,,
azpsqlgisp08,,,,,,,,,
azpsqlgisp09,,,,,,,,,
azpsqlgisp11,,,,,,,,,
AZPSQLGISP13,,,,,,,,,
azpsqlgisp14,,,,,,,,,
azpsqlgisp15,,,,,,,,,
azpsqlgisp16,,,,,,,,,
azpsqlgisp17,,,,,,,,,
azpsqlgisp20,,,,,,,,,
azpsqlgisp21,,,,,,,,,
AZPSQLHUBD01,,,,,,,,,
AZPSQLHUBD02,,,,,,,,,
AZPSQLHUBD03,,,,,,,,,
AZPSQLHUBP01,,,,,,,,,
AZPSQLHUBT01,,,,,,,,,
AZPSQLHUBU01,,,,,,,,,
azpsqljupp01,,,,,,,,,
azpsqlmbamp01,,,,,,,,,
azpsqlmimp01,,,,,,,,,
azpsqlmodp01,,,,,,,,,
azpsqlprdbp01,,,,,,,,,
AZPSQLRWAP01,,,,,,,,,
azpsqlrwap02,,,,,,,,,
azpsqlshrcp01,,,,,,,,,
azpsqlshrcp02,,,,,,,,,
azpsqlshrcp03,,,,,,,,,
azpsqlshrcu05,,,,,,,,,
azpsqlshrcu06,,,,,,,,,
azpsqlshrcu07,,,,,,,,,
azpsqlshrp01,,,,,,,,,
azpsqlshrp02,,,,,,,,,
azpsqlshrp03,,,,,,,,,
azpsqlshrp04,,,,,,,,,
azpsqlshrp05,,,,,,,,,
azpsqlshrp06,,,,,,,,,
azpsqlshrp07,,,,,,,,,
azpsqlshrp08,,,,,,,,,
azpsqlshrp09,,,,,,,,,
azpsqlshru02,,,,,,,,,
azpsqlshru03,,,,,,,,,
azpsqlshru04,,,,,,,,,
azpsqlshru05,,,,,,,,,
azpsqlshru06,,,,,,,,,
azpsqlsowp01,,,,,,,,,
AZPSQLSP16P01,,,,,,,,,
AZPSQLSP16U01,,,,,,,,,
AZPSQLSSRSP01,,,,,,,,,
AZPSRSD365P01,,,,,,,,,
AZPSRSD365U01,,,,,,,,,
azpssisproc01,,,,,,,,,
azpuksclaap01,,,,,,,,,
AZPUKSIMGW101,,,,,,,,,
AZPUKSKMS01,,,,,,,,,
azpukskms02,,,,,,,,,
azpuksredir01,,,,,,,,,
AZPUKSSCCMCP01,,,,,,,,,
AZPUKSSVM101,,,,,,,,,
azpwrbiausp01,,,,,,,,,
azpwrpltcac01,,,,,,,,,
azpwrplteus01,,,,,,,,,
azpwusrmvm01,,,,,,,,,
azqeepdevapp01,,,,,,,,,
azqeepdevapp02,,,,,,,,,
azqeepdeves01,,,,,,,,,
azqeepprodapp01,,,,,,,,,
azqeepprodapp02,,,,,,,,,
azqeepprodes01,,,,,,,,,
azqeepuatapp01,,,,,,,,,
azqeepuatapp02,,,,,,,,,
azqeepuates01,,,,,,,,,
azreleezemep01,,,,,,,,,
azreportp01,,,,,,,,,
azsage01,,,,,,,,,
azsandfs101,,,,,,,,,
azsandfs102,,,,,,,,,
azsawdfs101,,,,,,,,,
azsawdfs102,,,,,,,,,
azscommiweau101,,,,,,,,,
azscommiwweu101,,,,,,,,,
azscusad01,,,,,,,,,
azscuscertca01,,,,,,,,,
azscusdfs101,,,,,,,,,
azscusdfs102,,,,,,,,,
azscusdns01,,,,,,,,,
azseaautoarc01,,,,,,,,,
AZSEACVOVSCAN01,,,,,,,,,
azseadfs101,,,,,,,,,
azseadfs102,,,,,,,,,
azseadns01,,,,,,,,,
azseapacutapp01,,,,,,,,,
azseaprintp01,,,,,,,,,
azseasowpoll01,,,,,,,,,
azseasowweb01,,,,,,,,,
azsfprintp01,,,,,,,,,
azsgatagsdsp01,,,,,,,,,
azsgatagshstp01,,,,,,,,,
azsgatagsimg01,,,,,,,,,
azsgatagsod01,,,,,,,,,
azsgatagsp01,,,,,,,,,
azsgatagswa01,,,,,,,,,
azsgatagsweb01,,,,,,,,,
azsgatagsweb02,,,,,,,,,
azsgatmonap01,,,,,,,,,
azsgatmonsp01,,,,,,,,,
azsgatptlp01,,,,,,,,,
AZSHPARCP01,,,,,,,,,
AZSHPARCP02,,,,,,,,,
AZSHPARCP03,,,,,,,,,
AZSHPARCP04,,,,,,,,,
azsinjams201,,,,,,,,,
AZSISTEMI01,,,,,,,,,
azsiteservice01,,,,,,,,,
AZSNOWINVP01,,,,,,,,,
azsnowinvu01,,,,,,,,,
azsnowlmp01,,,,,,,,,
azsnowlmu01,,,,,,,,,
AZSPACEOBSERVER,,,,,,,,,
azspansensep01,,,,,,,,,
azspoljobp01,,,,,,,,,
azsproappp101,,,,,,,,,
azsqlclap03,,,,,,,,,
azsqldsct01,,,,,,,,,
azsqlvm00101,,,,,,,,,
azsquaredupp01,,,,,,,,,
azsquaredupp02,,,,,,,,,
azssotestsvr01,,,,,,,,,
AZTACHYONMID01,,,,,,,,,
aztachyonp01,,,,,,,,,
aztorlmp01,,,,,,,,,
aztorlutronp01,,,,,,,,,
aztorprintp01,,,,,,,,,
aztorpwp01,,,,,,,,,
aztsslicp01,,,,,,,,,
AZUKAUTOARC01,,,,,,,,,
AZUKGSDCN101,,,,,,,,,
AZUKGSDCN102,,,,,,,,,
AZUKGSDCN103,,,,,,,,,
azuksad102,,,,,,,,,
azuksad103,,,,,,,,,
azuksarupad101,,,,,,,,,
azuksaxedgep01,,,,,,,,,
azuksaxedgep02,,,,,,,,,
azuksaxedgeu01,,,,,,,,,
azuksaxedgeu02,,,,,,,,,
azuksaxstranp01,,,,,,,,,
azuksaxstranp02,,,,,,,,,
azuksaxstranu01,,,,,,,,,
azuksaxstranu02,,,,,,,,,
AZUKSCAWEB01,,,,,,,,,
AZUKSCCMCN101,,,,,,,,,
AZUKSCCMCN102,,,,,,,,,
AZUKSCCMCN103,,,,,,,,,
azukscertca01,,,,,,,,,
AZUKSCVOVSCAN01,,,,,,,,,
azuksdfs101,,,,,,,,,
azuksdfs102,,,,,,,,,
azuksdns01,,,,,,,,,
azuksemail101,,,,,,,,,
AZUKSFINSMTP01,,,,,,,,,
azuksfmecorep02,,,,,,,,,
azuksfmecoreu01,,,,,,,,,
azuksfmecoreu02,,,,,,,,,
azuksfmeengp01,,,,,,,,,
azuksfmeengp02,,,,,,,,,
azuksfmeengu01,,,,,,,,,
azuksfmeengu02,,,,,,,,,
azukshybwork101,,,,,,,,,
azuksjamse101,,,,,,,,,
azuksmbam101,,,,,,,,,
azuksmimp01,,,,,,,,,
AZUKSNETWKT01,,,,,,,,,
AZUKSNETWKT02,,,,,,,,,
AZUKSNETWKT03,,,,,,,,,
azuksonev01,,,,,,,,,
azukspcutapp01,,,,,,,,,
azukspcutapp02,,,,,,,,,
azukspcutmob01,,,,,,,,,
azukspcutmob02,,,,,,,,,
AZUKSRHINO,,,,,,,,,
azuksserrav01,,,,,,,,,
azuksserrav101,,,,,,,,,
azukssowpoll01,,,,,,,,,
azukszerto101,,,,,,,,,
azukwdns01,,,,,,,,,
azukwpcutapp01,,,,,,,,,
azukwpcutmob01,,,,,,,,,
azukwzerto101,,,,,,,,,
azusatagsdsp01,,,,,,,,,
azusatagshstp01,,,,,,,,,
azusatagsimg01,,,,,,,,,
azusatagsp01,,,,,,,,,
azusatagswa01,,,,,,,,,
azusatagsweb01,,,,,,,,,
azusatagsweb02,,,,,,,,,
azusatmonap01,,,,,,,,,
azusatmonsp01,,,,,,,,,
azusatptlp01,,,,,,,,,
azusncjamse101,,,,,,,,,
azvmtestca1,,,,,,,,,
azwasprintp01,,,,,,,,,
azweudfs101,,,,,,,,,
azweudfs102,,,,,,,,,
azweudns01,,,,,,,,,
AZWEURHINOC01,,,,,,,,,
azwinadoagent,,,,,,,,,
azwkautomisc01,,,,,,,,,
azwuscvovscan01,,,,,,,,,
azwusdfs101,,,,,,,,,
azwusdfs102,,,,,,,,,
azwusdns01,,,,,,,,,
azwuspcapp01,,,,,,,,,
azwuspcapp02,,,,,,,,,
azwuspcmob01,,,,,,,,,
azwuspcmob02,,,,,,,,,
azwwrpd01,,,,,,,,,
azwwrpp01,,,,,,,,,
BERDFS01,,,,,,,,,
BERLIC02,,,,,,,,,
BERLIC03,,,,,,,,,
BERPRINT01,,,,,,,,,
BERPWCHE01,,,,,,,,,
BERTRIC02,,,,,,,,,
BKKDAS01,,,,,,,,,
BKKNASAV101,,,,,,,,,
BKKNOMAD01,,,,,,,,,
BKKPWC01,,,,,,,,,
BLFAD01,,,,,,,,,
BLFADMIN01,,,,,,,,,
BLFDFS01,,,,,,,,,
BLFPWCHE02,,,,,,,,,
BLGAD01,,,,,,,,,
BLGFILE02,,,,,,,,,
BNENASAV02,,,,,,,,,
BNEPWC02,,,,,,,,,
BNETEST-CC,,,,,,,,,
BNEUTIL01,,,,,,,,,
BNEVMLIC01,,,,,,,,,
BNEVMLIC02,,,,,,,,,
BOGUTIL02,,,,,,,,,
BOSABCPRINT01,,,,,,,,,
BOSAD01,,,,,,,,,
BOSLTG01,,,,,,,,,
BOSPW01,,,,,,,,,
BOSUTIL01,,,,,,,,,
BRIAD01,,,,,,,,,
BRIDFS01,,,,,,,,,
BRIFILE01,,,,,,,,,
BRILIC02,,,,,,,,,
BRIPWCHE02,,,,,,,,,
BRIWEB02,,,,,,,,,
cctest01,,,,,,,,,
cctest301,,,,,,,,,
CHIUTIL01,,,,,,,,,
CMBADMIN01,,,,,,,,,
CMBADMIN02,,,,,,,,,
CMBDFS101,,,,,,,,,
CMBPRINT01,,,,,,,,,
CNSDHCPTEST,,,,,,,,,
CNSNASAV101,,,,,,,,,
CNSSEC101,,,,,,,,,
CNSSVC101,,,,,,,,,
corrigan01,,,,,,,,,
CPHDFS101,,,,,,,,,
CPHLIC01,,,,,,,,,
CPHPWCHE01,,,,,,,,,
CRKAD01,,,,,,,,,
CRKCOSTX01,,,,,,,,,
CRKDFS101,,,,,,,,,
CRKLIC02,,,,,,,,,
CRKPWCHE01,,,,,,,,,
CTNAD01,,,,,,,,,
CTNPRI01,,,,,,,,,
deptestvm,,,,,,,,,
devops-host-1,,,,,,,,,
drmigratevm,,,,,,,,,
dtpdevvm01,,,,,,,,,
dtpprodvm01,,,,,,,,,
dtptestvm01,,,,,,,,,
DUB6SIGMA01,,,,,,,,,
DUBAD01,,,,,,,,,
DUBADMIN02,,,,,,,,,
DUBBMS01,,,,,,,,,
dubbms101,,,,,,,,,
DUBCFDARCH01,,,,,,,,,
DUBDFS101,,,,,,,,,
dublic01,,,,,,,,,
DUBLIC03,,,,,,,,,
DUBPRINT01,,,,,,,,,
DUBPWCHE02,,,,,,,,,
DUBSEC01,,,,,,,,,
DURAD01,,,,,,,,,
DURAPP01,,,,,,,,,
DURAPP02,,,,,,,,,
DURDFS01,,,,,,,,,
DURPRI01,,,,,,,,,
DUSDFS101,,,,,,,,,
DUSLIC02,,,,,,,,,
E-ADEVWEB01,,,,,,,,,
E-APFA01,,,,,,,,,
EAREV01,,,,,,,,,
EAREV02,,,,,,,,,
EAREXMAIL01,,,,,,,,,
EAREXMAIL02,,,,,,,,,
EARFIN101,,,,,,,,,
EARFIN102,,,,,,,,,
EARNPS01,,,,,,,,,
EARNPS02,,,,,,,,,
EARPBIGTW101,,,,,,,,,
earrwa01,,,,,,,,,
EARSQL101,,,,,,,,,
EARSQLSHRP01,,,,,,,,,
EARUTIL101,,,,,,,,,
EARUTIL102,,,,,,,,,
EAZERTO101,,,,,,,,,
EC2AMAZ-073R21N,,,,,,,,,
EC2AMAZ-07NJ9FA,,,,,,,,,
EC2AMAZ-0807D3P,,,,,,,,,
EC2AMAZ-0FUARDU,,,,,,,,,
EC2AMAZ-0ICFU60,,,,,,,,,
EC2AMAZ-0KLUF6B,,,,,,,,,
EC2AMAZ-0L09SNR,,,,,,,,,
EC2AMAZ-0OFUF05,,,,,,,,,
EC2AMAZ-0S73MNR,,,,,,,,,
EC2AMAZ-0V4M30Q,,,,,,,,,
EC2AMAZ-11JP3DR,,,,,,,,,
EC2AMAZ-11M6PSH,,,,,,,,,
EC2AMAZ-12GKTN6,,,,,,,,,
EC2AMAZ-15RQ740,,,,,,,,,
EC2AMAZ-160A5C5,,,,,,,,,
EC2AMAZ-17Q25UR,,,,,,,,,
EC2AMAZ-180VEPE,,,,,,,,,
EC2AMAZ-19F7HNV,,,,,,,,,
EC2AMAZ-1C6BN49,,,,,,,,,
EC2AMAZ-1DTENRU,,,,,,,,,
EC2AMAZ-1E6BEVD,,,,,,,,,
EC2AMAZ-1FLNF3B,,,,,,,,,
EC2AMAZ-1G2CPJ9,,,,,,,,,
EC2AMAZ-1I3T66U,,,,,,,,,
EC2AMAZ-1LUD8LQ,,,,,,,,,
EC2AMAZ-1M0VJAT,,,,,,,,,
EC2AMAZ-1U9U7IP,,,,,,,,,
EC2AMAZ-1UPQ61D,,,,,,,,,
EC2AMAZ-20IJCVU,,,,,,,,,
EC2AMAZ-237DVHJ,,,,,,,,,
EC2AMAZ-24HTLDH,,,,,,,,,
EC2AMAZ-2AGMRPR,,,,,,,,,
EC2AMAZ-2E68J6A,,,,,,,,,
EC2AMAZ-2G15M7N,,,,,,,,,
EC2AMAZ-2GHGTVU,,,,,,,,,
EC2AMAZ-2KC1JQH,,,,,,,,,
EC2AMAZ-2NF6EOH,,,,,,,,,
EC2AMAZ-2QCHFD2,,,,,,,,,
EC2AMAZ-2R9PSU2,,,,,,,,,
EC2AMAZ-2S36657,,,,,,,,,
EC2AMAZ-2TVVMEO,,,,,,,,,
EC2AMAZ-305ORFT,,,,,,,,,
EC2AMAZ-30RNP4O,,,,,,,,,
EC2AMAZ-32MIV0H,,,,,,,,,
EC2AMAZ-370HJVS,,,,,,,,,
EC2AMAZ-37RO3O8,,,,,,,,,
EC2AMAZ-39V86DR,,,,,,,,,
EC2AMAZ-3B9J5EF,,,,,,,,,
EC2AMAZ-3BOFNQD,,,,,,,,,
EC2AMAZ-3DR35SE,,,,,,,,,
EC2AMAZ-3EVR7AE,,,,,,,,,
EC2AMAZ-3F97DEO,,,,,,,,,
EC2AMAZ-3GG2QKR,,,,,,,,,
EC2AMAZ-3I1NVSI,,,,,,,,,
EC2AMAZ-3L9GTL7,,,,,,,,,
EC2AMAZ-3NOLU2C,,,,,,,,,
EC2AMAZ-3OBB7DT,,,,,,,,,
EC2AMAZ-3OS2C2L,,,,,,,,,
EC2AMAZ-3RO9DFE,,,,,,,,,
EC2AMAZ-3SDKL71,,,,,,,,,
EC2AMAZ-3SE5TCU,,,,,,,,,
EC2AMAZ-3SJIEJ0,,,,,,,,,
EC2AMAZ-3UB6CSM,,,,,,,,,
EC2AMAZ-3VVTQSC,,,,,,,,,
EC2AMAZ-40E6VFS,,,,,,,,,
EC2AMAZ-447G3PM,,,,,,,,,
EC2AMAZ-47D3E55,,,,,,,,,
EC2AMAZ-4G5PGMJ,,,,,,,,,
EC2AMAZ-4K1QV0I,,,,,,,,,
EC2AMAZ-4KBK0CC,,,,,,,,,
EC2AMAZ-4KVBUDR,,,,,,,,,
EC2AMAZ-4L8F3V1,,,,,,,,,
EC2AMAZ-4MNPGUA,,,,,,,,,
EC2AMAZ-4N8TJM2,,,,,,,,,
EC2AMAZ-4QJ6FFS,,,,,,,,,
EC2AMAZ-4RJB744,,,,,,,,,
EC2AMAZ-4U6G8MU,,,,,,,,,
EC2AMAZ-50DDTN3,,,,,,,,,
EC2AMAZ-52I3HG8,,,,,,,,,
EC2AMAZ-56MV3A1,,,,,,,,,
EC2AMAZ-5956THM,,,,,,,,,
EC2AMAZ-59J49GU,,,,,,,,,
EC2AMAZ-59RQ865,,,,,,,,,
EC2AMAZ-5F0ODE0,,,,,,,,,
EC2AMAZ-5JD8A2S,,,,,,,,,
EC2AMAZ-5KFO2HM,,,,,,,,,
EC2AMAZ-5P9VIIU,,,,,,,,,
EC2AMAZ-5Q03A7O,,,,,,,,,
EC2AMAZ-5Q1I2L2,,,,,,,,,
EC2AMAZ-602O5U5,,,,,,,,,
EC2AMAZ-61ASU7S,,,,,,,,,
EC2AMAZ-63BQC06,,,,,,,,,
EC2AMAZ-64AONNU,,,,,,,,,
EC2AMAZ-64F3MLD,,,,,,,,,
EC2AMAZ-65N9Q0T,,,,,,,,,
EC2AMAZ-66SCA9N,,,,,,,,,
EC2AMAZ-67GPD65,,,,,,,,,
EC2AMAZ-67R8CNI,,,,,,,,,
EC2AMAZ-6AD2H17,,,,,,,,,
EC2AMAZ-6G4QO08,,,,,,,,,
EC2AMAZ-6IS0U0V,,,,,,,,,
EC2AMAZ-6JATAD6,,,,,,,,,
EC2AMAZ-6JSN9GL,,,,,,,,,
EC2AMAZ-6OGBN76,,,,,,,,,
EC2AMAZ-6QNNRI6,,,,,,,,,
EC2AMAZ-6S5P3LV,,,,,,,,,
EC2AMAZ-6TIBQGE,,,,,,,,,
EC2AMAZ-6VGAAU7,,,,,,,,,
EC2AMAZ-70MK2DF,,,,,,,,,
EC2AMAZ-72HO14I,,,,,,,,,
EC2AMAZ-73S22QN,,,,,,,,,
EC2AMAZ-744B6H3,,,,,,,,,
EC2AMAZ-75TR02D,,,,,,,,,
EC2AMAZ-77IOG4U,,,,,,,,,
EC2AMAZ-78364J5,,,,,,,,,
EC2AMAZ-79VNT0V,,,,,,,,,
EC2AMAZ-7DCU703,,,,,,,,,
EC2AMAZ-7KHF2RN,,,,,,,,,
EC2AMAZ-7KPLJLI,,,,,,,,,
EC2AMAZ-7OCJIRL,,,,,,,,,
EC2AMAZ-7Q1JG8F,,,,,,,,,
EC2AMAZ-7TA3L59,,,,,,,,,
EC2AMAZ-7TI0VFG,,,,,,,,,
EC2AMAZ-7V1CJEQ,,,,,,,,,
EC2AMAZ-815QA48,,,,,,,,,
EC2AMAZ-821G5TN,,,,,,,,,
EC2AMAZ-830563D,,,,,,,,,
EC2AMAZ-84013IQ,,,,,,,,,
EC2AMAZ-85NAJVA,,,,,,,,,
EC2AMAZ-85TA6O3,,,,,,,,,
EC2AMAZ-868SLBI,,,,,,,,,
EC2AMAZ-87KQ2UT,,,,,,,,,
EC2AMAZ-89C9VCL,,,,,,,,,
EC2AMAZ-89RBBFD,,,,,,,,,
EC2AMAZ-8C22O1N,,,,,,,,,
EC2AMAZ-8FVU424,,,,,,,,,
EC2AMAZ-8HAHUMT,,,,,,,,,
EC2AMAZ-8I6PHUK,,,,,,,,,
EC2AMAZ-8J4KIMP,,,,,,,,,
EC2AMAZ-8JFM677,,,,,,,,,
EC2AMAZ-8M6CMJU,,,,,,,,,
EC2AMAZ-8OTFE7F,,,,,,,,,
EC2AMAZ-8PBDDOM,,,,,,,,,
EC2AMAZ-8QJ3PSE,,,,,,,,,
EC2AMAZ-8R1KKAN,,,,,,,,,
EC2AMAZ-8R9RHN4,,,,,,,,,
EC2AMAZ-8RTB0FO,,,,,,,,,
EC2AMAZ-96DINAA,,,,,,,,,
EC2AMAZ-98LU1JV,,,,,,,,,
EC2AMAZ-99K8N7R,,,,,,,,,
EC2AMAZ-9A1CA1P,,,,,,,,,
EC2AMAZ-9DFVHOJ,,,,,,,,,
EC2AMAZ-9DGRO93,,,,,,,,,
EC2AMAZ-9JGCPQB,,,,,,,,,
EC2AMAZ-9N3M8A0,,,,,,,,,
EC2AMAZ-9OH0SR4,,,,,,,,,
EC2AMAZ-9PLLP9B,,,,,,,,,
EC2AMAZ-9Q0CGDK,,,,,,,,,
EC2AMAZ-9UGLECH,,,,,,,,,
EC2AMAZ-9V4MATB,,,,,,,,,
EC2AMAZ-9VJ34GG,,,,,,,,,
EC2AMAZ-A0F7LN2,,,,,,,,,
EC2AMAZ-A2SPDCM,,,,,,,,,
EC2AMAZ-A2U2H1D,,,,,,,,,
EC2AMAZ-A3P0ACA,,,,,,,,,
EC2AMAZ-A7CEB2D,,,,,,,,,
EC2AMAZ-AAO9VB1,,,,,,,,,
EC2AMAZ-ACGEEDT,,,,,,,,,
EC2AMAZ-AF6KO77,,,,,,,,,
EC2AMAZ-AI8UGD8,,,,,,,,,
EC2AMAZ-AJUAUJQ,,,,,,,,,
EC2AMAZ-ALHD5HH,,,,,,,,,
EC2AMAZ-ANVGM8G,,,,,,,,,
EC2AMAZ-AP13L40,,,,,,,,,
EC2AMAZ-AQ3CHRJ,,,,,,,,,
EC2AMAZ-AS41NOF,,,,,,,,,
EC2AMAZ-B0RFVSF,,,,,,,,,
EC2AMAZ-B1H57KJ,,,,,,,,,
EC2AMAZ-B483R05,,,,,,,,,
EC2AMAZ-B4CURPN,,,,,,,,,
EC2AMAZ-B53M50M,,,,,,,,,
EC2AMAZ-B55OI0D,,,,,,,,,
EC2AMAZ-B757UHU,,,,,,,,,
EC2AMAZ-B84B9R4,,,,,,,,,
EC2AMAZ-BE8JBKN,,,,,,,,,
EC2AMAZ-BFSFKHM,,,,,,,,,
EC2AMAZ-BG61MN9,,,,,,,,,
EC2AMAZ-BICUBUO,,,,,,,,,
EC2AMAZ-BKOVHLG,,,,,,,,,
EC2AMAZ-BM3E4SL,,,,,,,,,
EC2AMAZ-BPE0GB0,,,,,,,,,
EC2AMAZ-BRMAKN0,,,,,,,,,
EC2AMAZ-BRO4SK4,,,,,,,,,
EC2AMAZ-C06I9SH,,,,,,,,,
EC2AMAZ-C1BBGMJ,,,,,,,,,
EC2AMAZ-CA8RSAV,,,,,,,,,
EC2AMAZ-CBUKODS,,,,,,,,,
EC2AMAZ-CCV6M4J,,,,,,,,,
EC2AMAZ-CFBC03H,,,,,,,,,
EC2AMAZ-CG6FUHJ,,,,,,,,,
EC2AMAZ-CI34OMV,,,,,,,,,
EC2AMAZ-CIC7C4B,,,,,,,,,
EC2AMAZ-CJ8NMAR,,,,,,,,,
EC2AMAZ-CLM4V91,,,,,,,,,
EC2AMAZ-CNT00UJ,,,,,,,,,
EC2AMAZ-CP59GI9,,,,,,,,,
EC2AMAZ-CQ7FJC3,,,,,,,,,
EC2AMAZ-CSIJSOR,,,,,,,,,
EC2AMAZ-CU9ASAQ,,,,,,,,,
EC2AMAZ-D16FD16,,,,,,,,,
EC2AMAZ-D2GGFOU,,,,,,,,,
EC2AMAZ-D2LDTJI,,,,,,,,,
EC2AMAZ-D8NFE17,,,,,,,,,
EC2AMAZ-D8V311F,,,,,,,,,
EC2AMAZ-DAN4J4C,,,,,,,,,
EC2AMAZ-DBD42CJ,,,,,,,,,
EC2AMAZ-DBM1EOG,,,,,,,,,
EC2AMAZ-DD6ON7K,,,,,,,,,
EC2AMAZ-DE03KCO,,,,,,,,,
EC2AMAZ-DE1R2CN,,,,,,,,,
EC2AMAZ-DE88RE1,,,,,,,,,
EC2AMAZ-DF82UE4,,,,,,,,,
EC2AMAZ-DJUEBRV,,,,,,,,,
EC2AMAZ-DK1MPLF,,,,,,,,,
EC2AMAZ-DPDC1TB,,,,,,,,,
EC2AMAZ-DQO25I1,,,,,,,,,
EC2AMAZ-DRLKMP7,,,,,,,,,
EC2AMAZ-DU929ND,,,,,,,,,
EC2AMAZ-E0M9O80,,,,,,,,,
EC2AMAZ-E1SDO63,,,,,,,,,
EC2AMAZ-E3308LK,,,,,,,,,
EC2AMAZ-E5KJRR5,,,,,,,,,
EC2AMAZ-E6RPVI2,,,,,,,,,
EC2AMAZ-E8NQS5Q,,,,,,,,,
EC2AMAZ-EBRFLAP,,,,,,,,,
EC2AMAZ-EIBLMO0,,,,,,,,,
EC2AMAZ-EIVD6C8,,,,,,,,,
EC2AMAZ-EJM7F44,,,,,,,,,
EC2AMAZ-ELDAMQP,,,,,,,,,
EC2AMAZ-ELL294R,,,,,,,,,
EC2AMAZ-EOM6NSL,,,,,,,,,
EC2AMAZ-EQ8476B,,,,,,,,,
EC2AMAZ-ESC116B,,,,,,,,,
EC2AMAZ-ESUJG4N,,,,,,,,,
EC2AMAZ-F2T50C8,,,,,,,,,
EC2AMAZ-F3HRHKN,,,,,,,,,
EC2AMAZ-F3T7M3M,,,,,,,,,
EC2AMAZ-F74NHG6,,,,,,,,,
EC2AMAZ-FAJ2OG5,,,,,,,,,
EC2AMAZ-FE0BV2K,,,,,,,,,
EC2AMAZ-FEEINMP,,,,,,,,,
EC2AMAZ-FF1JNUM,,,,,,,,,
EC2AMAZ-FG4NJ5P,,,,,,,,,
EC2AMAZ-FGBMLIV,,,,,,,,,
EC2AMAZ-FGEOF64,,,,,,,,,
EC2AMAZ-FI0R425,,,,,,,,,
EC2AMAZ-FIM1DV2,,,,,,,,,
EC2AMAZ-FR17RNE,,,,,,,,,
EC2AMAZ-FR7O5V5,,,,,,,,,
EC2AMAZ-FT7H41T,,,,,,,,,
EC2AMAZ-FV5AI57,,,,,,,,,
EC2AMAZ-G14Q8DP,,,,,,,,,
EC2AMAZ-G4O92MB,,,,,,,,,
EC2AMAZ-G6P2EBE,,,,,,,,,
EC2AMAZ-G8QBJEP,,,,,,,,,
EC2AMAZ-GF9PIM4,,,,,,,,,
EC2AMAZ-GFBG2H5,,,,,,,,,
EC2AMAZ-GH9Q94A,,,,,,,,,
EC2AMAZ-GHUEP7E,,,,,,,,,
EC2AMAZ-GKVJAKC,,,,,,,,,
EC2AMAZ-GMPCIDF,,,,,,,,,
EC2AMAZ-GO4L25J,,,,,,,,,
EC2AMAZ-GO81Q6V,,,,,,,,,
EC2AMAZ-GOLSI9V,,,,,,,,,
EC2AMAZ-GOMB24R,,,,,,,,,
EC2AMAZ-GR2S676,,,,,,,,,
EC2AMAZ-GU7C1PR,,,,,,,,,
EC2AMAZ-H13I9N0,,,,,,,,,
EC2AMAZ-H2QMILS,,,,,,,,,
EC2AMAZ-H33BN8V,,,,,,,,,
EC2AMAZ-H5IQE4L,,,,,,,,,
EC2AMAZ-H7HD55N,,,,,,,,,
EC2AMAZ-H9R68GN,,,,,,,,,
EC2AMAZ-HBHARMD,,,,,,,,,
EC2AMAZ-HFPD9O3,,,,,,,,,
EC2AMAZ-HGFUE5E,,,,,,,,,
EC2AMAZ-HGL7G9J,,,,,,,,,
EC2AMAZ-HHILOMJ,,,,,,,,,
EC2AMAZ-HL2P2M9,,,,,,,,,
EC2AMAZ-HLVPJM1,,,,,,,,,
EC2AMAZ-HO4NQAS,,,,,,,,,
EC2AMAZ-HOP09PA,,,,,,,,,
EC2AMAZ-HPM4PT9,,,,,,,,,
EC2AMAZ-HQJ6KP4,,,,,,,,,
EC2AMAZ-HR54C4M,,,,,,,,,
EC2AMAZ-HR7IC8D,,,,,,,,,
EC2AMAZ-HTHDGKF,,,,,,,,,
EC2AMAZ-I0IQ881,,,,,,,,,
EC2AMAZ-I1P6PQI,,,,,,,,,
EC2AMAZ-I3KKBQT,,,,,,,,,
EC2AMAZ-I6DV0I5,,,,,,,,,
EC2AMAZ-I8EGO0O,,,,,,,,,
EC2AMAZ-IAIOMGR,,,,,,,,,
EC2AMAZ-ID27DL0,,,,,,,,,
EC2AMAZ-IFKPD8J,,,,,,,,,
EC2AMAZ-IG616NH,,,,,,,,,
EC2AMAZ-IGU8SUD,,,,,,,,,
EC2AMAZ-IH0EBG3,,,,,,,,,
EC2AMAZ-IIAVL27,,,,,,,,,
EC2AMAZ-IIC9DBB,,,,,,,,,
EC2AMAZ-IJ73IPF,,,,,,,,,
EC2AMAZ-IMNB1UU,,,,,,,,,
EC2AMAZ-INPMHAF,,,,,,,,,
EC2AMAZ-IQE0V3I,,,,,,,,,
EC2AMAZ-ISM2ADE,,,,,,,,,
EC2AMAZ-J0GGORG,,,,,,,,,
EC2AMAZ-J0PFFFC,,,,,,,,,
EC2AMAZ-J3JU1JM,,,,,,,,,
EC2AMAZ-J4MC9EP,,,,,,,,,
EC2AMAZ-J4N1QMP,,,,,,,,,
EC2AMAZ-J8FUJIB,,,,,,,,,
EC2AMAZ-JEMJG44,,,,,,,,,
EC2AMAZ-JH46F5H,,,,,,,,,
EC2AMAZ-JHAUM5I,,,,,,,,,
EC2AMAZ-JNR1IJR,,,,,,,,,
EC2AMAZ-K0MNCCT,,,,,,,,,
EC2AMAZ-K59FFRE,,,,,,,,,
EC2AMAZ-K7G08FA,,,,,,,,,
EC2AMAZ-K809F0N,,,,,,,,,
EC2AMAZ-K83NSKO,,,,,,,,,
EC2AMAZ-K90IHJC,,,,,,,,,
EC2AMAZ-KA2GC2E,,,,,,,,,
EC2AMAZ-KCTAMAL,,,,,,,,,
EC2AMAZ-KKJ5O0Q,,,,,,,,,
EC2AMAZ-KMEFMES,,,,,,,,,
EC2AMAZ-KMJ46EP,,,,,,,,,
EC2AMAZ-KMVOQOV,,,,,,,,,
EC2AMAZ-KOQCRVS,,,,,,,,,
EC2AMAZ-KP4079V,,,,,,,,,
EC2AMAZ-KTOA2BH,,,,,,,,,
EC2AMAZ-KTSFL8J,,,,,,,,,
EC2AMAZ-KVLPQR4,,,,,,,,,
EC2AMAZ-L2UKB4C,,,,,,,,,
EC2AMAZ-L3ET51U,,,,,,,,,
EC2AMAZ-L3UV11J,,,,,,,,,
EC2AMAZ-L49GHDF,,,,,,,,,
EC2AMAZ-L5L3J6I,,,,,,,,,
EC2AMAZ-LIH8C0L,,,,,,,,,
EC2AMAZ-LJE2FBB,,,,,,,,,
EC2AMAZ-LKJ5NA8,,,,,,,,,
EC2AMAZ-LM62O73,,,,,,,,,
EC2AMAZ-LNJS3B8,,,,,,,,,
EC2AMAZ-LOEPESD,,,,,,,,,
EC2AMAZ-LOJK6LD,,,,,,,,,
EC2AMAZ-LP9IIUO,,,,,,,,,
EC2AMAZ-LQCLSA5,,,,,,,,,
EC2AMAZ-LTP5IMN,,,,,,,,,
EC2AMAZ-LV6K642,,,,,,,,,
EC2AMAZ-M5IHAO9,,,,,,,,,
EC2AMAZ-M9F7D2D,,,,,,,,,
EC2AMAZ-MDG94M2,,,,,,,,,
EC2AMAZ-MED7UCF,,,,,,,,,
EC2AMAZ-MG8MI8E,,,,,,,,,
EC2AMAZ-MIHQ99L,,,,,,,,,
EC2AMAZ-MJ1O2RD,,,,,,,,,
EC2AMAZ-MJV4AO6,,,,,,,,,
EC2AMAZ-MJVP8T1,,,,,,,,,
EC2AMAZ-MKC368M,,,,,,,,,
EC2AMAZ-ML5RQ1P,,,,,,,,,
EC2AMAZ-MN3HTEV,,,,,,,,,
EC2AMAZ-MPNC583,,,,,,,,,
EC2AMAZ-MSUG7B0,,,,,,,,,
EC2AMAZ-N0D34L9,,,,,,,,,
EC2AMAZ-N0RSFT1,,,,,,,,,
EC2AMAZ-N2SITIS,,,,,,,,,
EC2AMAZ-N8T9M34,,,,,,,,,
EC2AMAZ-N9F37B6,,,,,,,,,
EC2AMAZ-NA3P9UE,,,,,,,,,
EC2AMAZ-NA6FOCF,,,,,,,,,
EC2AMAZ-NIJ69PB,,,,,,,,,
EC2AMAZ-NMB5VT6,,,,,,,,,
EC2AMAZ-NN27SPL,,,,,,,,,
EC2AMAZ-NR4FL61,,,,,,,,,
EC2AMAZ-NRKPNRR,,,,,,,,,
EC2AMAZ-NUC2IQ2,,,,,,,,,
EC2AMAZ-NV5AP6L,,,,,,,,,
EC2AMAZ-NVAERKL,,,,,,,,,
EC2AMAZ-O1PQ5MD,,,,,,,,,
EC2AMAZ-O21KL1M,,,,,,,,,
EC2AMAZ-O23VADQ,,,,,,,,,
EC2AMAZ-O352GGQ,,,,,,,,,
EC2AMAZ-O3KU8MS,,,,,,,,,
EC2AMAZ-O4PTUOF,,,,,,,,,
EC2AMAZ-O62H4VH,,,,,,,,,
EC2AMAZ-O70UC63,,,,,,,,,
EC2AMAZ-OASTQH5,,,,,,,,,
EC2AMAZ-OASVHDK,,,,,,,,,
EC2AMAZ-OG6T11I,,,,,,,,,
EC2AMAZ-OHEJGRH,,,,,,,,,
EC2AMAZ-OMSV2G7,,,,,,,,,
EC2AMAZ-ORLF2LF,,,,,,,,,
EC2AMAZ-OSPCE9T,,,,,,,,,
EC2AMAZ-OUBQSM7,,,,,,,,,
EC2AMAZ-P65PIV2,,,,,,,,,
EC2AMAZ-P75B0IK,,,,,,,,,
EC2AMAZ-P93ONOP,,,,,,,,,
EC2AMAZ-PBEB6DE,,,,,,,,,
EC2AMAZ-PF38S7J,,,,,,,,,
EC2AMAZ-PIKDOP6,,,,,,,,,
EC2AMAZ-PJCKQ7T,,,,,,,,,
EC2AMAZ-PK8M3UJ,,,,,,,,,
EC2AMAZ-PM18S8I,,,,,,,,,
EC2AMAZ-PNE5FBU,,,,,,,,,
EC2AMAZ-PQ9CHR6,,,,,,,,,
EC2AMAZ-PS4B6GT,,,,,,,,,
EC2AMAZ-Q00LG5A,,,,,,,,,
EC2AMAZ-Q0BBDKU,,,,,,,,,
EC2AMAZ-Q165625,,,,,,,,,
EC2AMAZ-Q1Q0M0M,,,,,,,,,
EC2AMAZ-Q38B6HA,,,,,,,,,
EC2AMAZ-Q431OM2,,,,,,,,,
EC2AMAZ-Q7MRCCO,,,,,,,,,
EC2AMAZ-Q92J08A,,,,,,,,,
EC2AMAZ-QELSCDU,,,,,,,,,
EC2AMAZ-QFBINE9,,,,,,,,,
EC2AMAZ-QJHPL8A,,,,,,,,,
EC2AMAZ-QL1I7DB,,,,,,,,,
EC2AMAZ-QNOK7QT,,,,,,,,,
EC2AMAZ-QO3O835,,,,,,,,,
EC2AMAZ-QTJG3H5,,,,,,,,,
EC2AMAZ-R24ODS6,,,,,,,,,
EC2AMAZ-R4DA5A8,,,,,,,,,
EC2AMAZ-R6D8C1H,,,,,,,,,
EC2AMAZ-R771BL4,,,,,,,,,
EC2AMAZ-REKIMS3,,,,,,,,,
EC2AMAZ-RGJSNHR,,,,,,,,,
EC2AMAZ-RID5O3M,,,,,,,,,
EC2AMAZ-RIO6EDQ,,,,,,,,,
EC2AMAZ-RJM7DVL,,,,,,,,,
EC2AMAZ-RMM71O6,,,,,,,,,
EC2AMAZ-RMT0HJ5,,,,,,,,,
EC2AMAZ-RN4E69C,,,,,,,,,
EC2AMAZ-RN8UAGN,,,,,,,,,
EC2AMAZ-ROK3BQ3,,,,,,,,,
EC2AMAZ-RQAHPA1,,,,,,,,,
EC2AMAZ-RT7IL02,,,,,,,,,
EC2AMAZ-RTC4G03,,,,,,,,,
EC2AMAZ-RTVD9HR,,,,,,,,,
EC2AMAZ-RUD4G0G,,,,,,,,,
EC2AMAZ-S2UI411,,,,,,,,,
EC2AMAZ-S5DHH03,,,,,,,,,
EC2AMAZ-SD1RLR3,,,,,,,,,
EC2AMAZ-SEV0B5C,,,,,,,,,
EC2AMAZ-SGC4T16,,,,,,,,,
EC2AMAZ-SH4BSHB,,,,,,,,,
EC2AMAZ-SN2Q1E5,,,,,,,,,
EC2AMAZ-SS3S19F,,,,,,,,,
EC2AMAZ-ST03380,,,,,,,,,
EC2AMAZ-T1Q7M3Q,,,,,,,,,
EC2AMAZ-T4908JF,,,,,,,,,
EC2AMAZ-T5S22MO,,,,,,,,,
EC2AMAZ-T66KPC4,,,,,,,,,
EC2AMAZ-TA94OH3,,,,,,,,,
EC2AMAZ-TB80CVG,,,,,,,,,
EC2AMAZ-TBQ2H41,,,,,,,,,
EC2AMAZ-TD389OB,,,,,,,,,
EC2AMAZ-TFSNDOT,,,,,,,,,
EC2AMAZ-TGDILDS,,,,,,,,,
EC2AMAZ-TH1UD81,,,,,,,,,
EC2AMAZ-TJ6NHVG,,,,,,,,,
EC2AMAZ-TJG8PUH,,,,,,,,,
EC2AMAZ-TLRVH0U,,,,,,,,,
EC2AMAZ-TNPQ5M4,,,,,,,,,
EC2AMAZ-TOPR2TP,,,,,,,,,
EC2AMAZ-TPQ9TS6,,,,,,,,,
EC2AMAZ-TQN42RM,,,,,,,,,
EC2AMAZ-U5KIOSE,,,,,,,,,
EC2AMAZ-U5M2O0N,,,,,,,,,
EC2AMAZ-U8DKL3T,,,,,,,,,
EC2AMAZ-UAE0H91,,,,,,,,,
EC2AMAZ-UB5V08O,,,,,,,,,
EC2AMAZ-UCMQ8DF,,,,,,,,,
EC2AMAZ-UD38T9S,,,,,,,,,
EC2AMAZ-UEDP5D7,,,,,,,,,
EC2AMAZ-UFGM1OE,,,,,,,,,
EC2AMAZ-UGS309D,,,,,,,,,
EC2AMAZ-UI0N2PM,,,,,,,,,
EC2AMAZ-UIS34RL,,,,,,,,,
EC2AMAZ-UOF3072,,,,,,,,,
EC2AMAZ-UQJPL6S,,,,,,,,,
EC2AMAZ-URK2OR0,,,,,,,,,
EC2AMAZ-USHBIOH,,,,,,,,,
EC2AMAZ-USV55GM,,,,,,,,,
EC2AMAZ-V0LJ3NO,,,,,,,,,
EC2AMAZ-V2PTDAT,,,,,,,,,
EC2AMAZ-V6FAL1N,,,,,,,,,
EC2AMAZ-V83T3SV,,,,,,,,,
EC2AMAZ-VA4Q5H9,,,,,,,,,
EC2AMAZ-VGPT4N3,,,,,,,,,
EC2AMAZ-VH1PF25,,,,,,,,,
EC2AMAZ-VJK8706,,,,,,,,,
EC2AMAZ-VKV6VM2,,,,,,,,,
EC2AMAZ-VOM8VA2,,,,,,,,,
EC2AMAZ-VS2FVS3,,,,,,,,,
EC2AMAZ-VT6NM8V,,,,,,,,,
EC2AMAZ-VTL7DJA,,,,,,,,,
EDIAD01,,,,,,,,,
EDIDFS101,,,,,,,,,
EDILIC01,,,,,,,,,
EDIPWCHE02,,,,,,,,,
EDIRVT01,,,,,,,,,
EDIWEB01,,,,,,,,,
EURACSEC01,,,,,,,,,
EURACSEC02,,,,,,,,,
EURADMIN01,,,,,,,,,
EURAWSLIC103,,,,,,,,,
EURAWSLIC104,,,,,,,,,
EURAWSLIC107,,,,,,,,,
EUR-CANONMP,,,,,,,,,
EURCLARITY102,,,,,,,,,
EURCOSTOS01,,,,,,,,,
eureicccore01,,,,,,,,,
eureicccore02,,,,,,,,,
eureiccedge01,,,,,,,,,
eureiccedge02,,,,,,,,,
eureiccmon01,,,,,,,,,
eureiccmon02,,,,,,,,,
EUREQUCAS01,,,,,,,,,
EUREVXA101,,,,,,,,,
EUREVXA102,,,,,,,,,
EUREXMAIL01,,,,,,,,,
EUREXMAIL02,,,,,,,,,
EUREXMAIL11,,,,,,,,,
EUREXMAIL12,,,,,,,,,
EUREXMAIL13,,,,,,,,,
EUREXMAIL14,,,,,,,,,
EURFILE201,,,,,,,,,
EURHS2DEV01,,,,,,,,,
EURLIC04,,,,,,,,,
EURLIC06,,,,,,,,,
EURMEPWEB101,,,,,,,,,
EURMFA101,,,,,,,,,
EURMFA102,,,,,,,,,
EURMFA201,,,,,,,,,
EURMFA202,,,,,,,,,
EURNDES01,,,,,,,,,
EURNETUTIL01,,,,,,,,,
EUROCUM105,,,,,,,,,
EUROCUM106,,,,,,,,,
EUROOS11,,,,,,,,,
EUROOS12,,,,,,,,,
EURORCHESTRATOR,,,,,,,,,
EURPDEPDMP101,,,,,,,,,
EURPDEPDMPD01,,,,,,,,,
EURPLOT101,,,,,,,,,
EURRWAWEB,,,,,,,,,
EURTRAN101,,,,,,,,,
EURUATMFA101,,,,,,,,,
EURUCMA01,,,,,,,,,
EURUNIFLOW02,,,,,,,,,
EURVDIAPP01,,,,,,,,,
EURVDICS01,,,,,,,,,
EURVDICS03,,,,,,,,,
EURXFSW01,,,,,,,,,
FFMDFS01,,,,,,,,,
FFMLIC02,,,,,,,,,
finshriiseap01,,,,,,,,,
finshriiseau01,,,,,,,,,
finshriisseap01,,,,,,,,,
finshriisseau01,,,,,,,,,
fmeauditprod01,,,,,,,,,
fmedesktopls01,,,,,,,,,
F-RESPONSE,,,,,,,,,
FTKSERVER,,,,,,,,,
FUSEAUPRODBI01,,,,,,,,,
FUSECAPRODBI01,,,,,,,,,
FUSEGBPRODBI01,,,,,,,,,
FUSEGBPRODLEG01,,,,,,,,,
FUSEIEPRODBI01,,,,,,,,,
FUSESGPRODBI01,,,,,,,,,
FUSEUSPRODBI01,,,,,,,,,
FUSEUSPRODBI02,,,,,,,,,
GALAD01,,,,,,,,,
GALPWCHE01,,,,,,,,,
GDUBAD01,,,,,,,,,
GDUBCOPIER101,,,,,,,,,
GDUBDFS01,,,,,,,,,
GDUBDFS02,,,,,,,,,
GDUBPWCHE01,,,,,,,,,
GDUBSEC01,,,,,,,,,
GLOABACUS101,,,,,,,,,
GLOAD202,,,,,,,,,
GLOADBPRD101,,,,,,,,,
GLOADCUAT101,,,,,,,,,
GLOADCUAT201,,,,,,,,,
GLOADF4APP101,,,,,,,,,
GLOADF4APP102,,,,,,,,,
GLOADF4APP111,,,,,,,,,
GLOADF4APP112,,,,,,,,,
GLOADF4APP142,,,,,,,,,
GLOADF4PRX101,,,,,,,,,
GLOADF4PRX102,,,,,,,,,
GLOADF4PRX111,,,,,,,,,
GLOADF4PRX112,,,,,,,,,
GLOADFS4UATPRX,,,,,,,,,
GLOAGPM01,,,,,,,,,
GLOAIPSUK201,,,,,,,,,
GLOAPEXW102,,,,,,,,,
GLOAZMIG101,,,,,,,,,
GLOAZMIG201,,,,,,,,,
GLOAZUREHYB101,,,,,,,,,
GLOAZUREHYB102,,,,,,,,,
GLOCAAD01,,,,,,,,,
GLOCFWV101,,,,,,,,,
GLOCMDBPSCCM101,,,,,,,,,
GLODATAPUKS101,,,,,,,,,
GLODCDNS01,,,,,,,,,
GLODFS101,,,,,,,,,
GLODFS201,,,,,,,,,
GLODHUB01,,,,,,,,,
GLODHUB02,,,,,,,,,
GLODILMON201,,,,,,,,,
GLODILMON202,,,,,,,,,
GLODWDEPD01,,,,,,,,,
GLOFINTSJH101,,,,,,,,,
GLOFINTSJH102,,,,,,,,,
GLOHRAPP101,,,,,,,,,
GLOHUBDEV01,,,,,,,,,
GLOIAMTEST01,,,,,,,,,
GLOISEAPI01,,,,,,,,,
GLOLIC01,,,,,,,,,
GLOMBAM01CL,,,,,,,,,
GLOMBAM02CL,,,,,,,,,
GLOMSTU01,,,,,,,,,
GLONETSYS01,,,,,,,,,
GLONTAPVS101,,,,,,,,,
GLONTAPVS201,,,,,,,,,
GLONTAPVS203,,,,,,,,,
GLOOCUM202,,,,,,,,,
GLOPBI101,,,,,,,,,
GLOPBIGTW102,,,,,,,,,
GLOPSGSHR101,,,,,,,,,
GLOQIP01,,,,,,,,,
GLOQIP102,,,,,,,,,
GLOQRMAD01,,,,,,,,,
GLOQRMAD02,,,,,,,,,
GLORHINO,,,,,,,,,
GLORMT01,,,,,,,,,
GLOSCCMCN01,,,,,,,,,
GLOSCCMCN02,,,,,,,,,
GLOSCCMCN03,,,,,,,,,
glosccmhealth01,,,,,,,,,
glosccmpkgw07-r,,,,,,,,,
GLOSCCMPRI01,,,,,,,,,
GLOSCOMMS101,,,,,,,,,
GLOSCOMMS102,,,,,,,,,
GLOSCOMMS103,,,,,,,,,
GLOSCOMMS104,,,,,,,,,
GLOSCOMMS105,,,,,,,,,
GLOSCOMMS106,,,,,,,,,
GLOSCOMMS107,,,,,,,,,
GLOSCOMMS108,,,,,,,,,
GLOSCOMMSDEV101,,,,,,,,,
GLOSCORCH01,,,,,,,,,
GLOSHUREPROD01,,,,,,,,,
GLOSPMIG01,,,,,,,,,
GLOSPMIG02,,,,,,,,,
GLOSPMIG03,,,,,,,,,
GLOSPMIG04,,,,,,,,,
GLOSPOJOB102,,,,,,,,,
GLOSQLCCURS01,,,,,,,,,
GLOSQLCRM101,,,,,,,,,
GLOSQLCRM101CL,,,,,,,,,
GLOSQLOMC01L1,,,,,,,,,
GLOSQLOMC01L2,,,,,,,,,
GLOSQLOMC01M3,,,,,,,,,
GLOSQLOMU01,,,,,,,,,
GLOSQLSCCM101,,,,,,,,,
GLOSQLSHR101,,,,,,,,,
GLOSQLSHR102,,,,,,,,,
GLOSQLSHR2U1,,,,,,,,,
GLOSQLSHRU01,,,,,,,,,
GLOSQLSOL101,,,,,,,,,
GLOSQLSOL102,,,,,,,,,
GLOSRM101,,,,,,,,,
GLOSRM201,,,,,,,,,
GLOSSWEBSV03,,,,,,,,,
GLOSTUTESTWIN10,,,,,,,,,
GLOUTIL102,,,,,,,,,
GLOVDI7APM01,,,,,,,,,
GLOVSBV01,,,,,,,,,
GLOWFA01,,,,,,,,,
GLOWINZERTOTEST,,,,,,,,,
GLWBACKUP01,,,,,,,,,
GLWCOPIER02,,,,,,,,,
GLWDFS01,,,,,,,,,
GLWFILE01,,,,,,,,,
GLWLIC02,,,,,,,,,
GLWPWCHE02,,,,,,,,,
GLWRVT01,,,,,,,,,
gsdsctestvm,,,,,,,,,
gsentratest,,,,,,,,,
gssentratest2,,,,,,,,,
GZHBAK01,,,,,,,,,
GZHNASAV101,,,,,,,,,
GZHSVC101,,,,,,,,,
GZNTS01,,,,,,,,,
GZNTS05,,,,,,,,,
HARAD01,,,,,,,,,
HARAPP01,,,,,,,,,
HARDFS01,,,,,,,,,
HARPRINT01,,,,,,,,,
HARRVT01,,,,,,,,,
HKGCADXMS,,,,,,,,,
HKGCHB101,,,,,,,,,
HKGDCNTS33,,,,,,,,,
HKGDCNTS34,,,,,,,,,
HKGDCNTS57,,,,,,,,,
HKGDCNTS91,,,,,,,,,
HKGENVNTS01,,,,,,,,,
HKGGCPS01,,,,,,,,,
HKGINTRANET,,,,,,,,,
hkgislic01,,,,,,,,,
HKGLIC101,,,,,,,,,
HKGLIC102,,,,,,,,,
HKGLIC103,,,,,,,,,
HKGMFA101,,,,,,,,,
HKGNASAV101,,,,,,,,,
HKGNASAV102,,,,,,,,,
HKGNASAV103,,,,,,,,,
HKGNETUTIL01,,,,,,,,,
HKGNTS04,,,,,,,,,
HKGNTS07,,,,,,,,,
HKGNTS09,,,,,,,,,
HKGNTS18,,,,,,,,,
HKGNTS20,,,,,,,,,
HKGNTS21,,,,,,,,,
HKGNTS34,,,,,,,,,
HKGNTS43,,,,,,,,,
HKGNTS45,,,,,,,,,
HKGNTS47,,,,,,,,,
HKGNTS82,,,,,,,,,
HKGNTS84,,,,,,,,,
HKGPCUT02,,,,,,,,,
HKGPFMWEB01,,,,,,,,,
HKGPMS01,,,,,,,,,
HKGPROXY01,,,,,,,,,
HKGPROXY03,,,,,,,,,
HKGPWCHE01,,,,,,,,,
HKGSCRIPT101,,,,,,,,,
HKGSQLGIS003,,,,,,,,,
HKGSVC101,,,,,,,,,
HKGSVC102,,,,,,,,,
HKGVMVALZERTO01,,,,,,,,,
HKGWIN2019TEST,,,,,,,,,
HOUABCPRINT01,,,,,,,,,
HOUAD01,,,,,,,,,
HOUBIMAUTO01,,,,,,,,,
HOUBIMAUTO03,,,,,,,,,
HOUBIMAUTO04,,,,,,,,,
HOUPW01,,,,,,,,,
HPDMLDN01,,,,,,,,,
HYDDFS01,,,,,,,,,
IMGDAD01-PROD,,,,,,,,,
ISTACSRVR101,,,,,,,,,
ISTBACKUP01,,,,,,,,,
ISTDFS01,,,,,,,,,
ISTFINSRVR101,,,,,,,,,
ISTINVSRV101,,,,,,,,,
ISTLICSRV101,,,,,,,,,
ISTPWCHE01,,,,,,,,,
ISTUNIFLOW01,,,,,,,,,
ITGBKP10,,,,,,,,,
ITGBKP12,,,,,,,,,
JKTCCTESTVM,,,,,,,,,
JKTNASAV101,,,,,,,,,
JKTPWC01,,,,,,,,,
JKTSECSRV01,,,,,,,,,
JKTSVC101,,,,,,,,,
joedemovm01,,,,,,,,,
JOHPRINT01,,,,,,,,,
JOHUDM01,,,,,,,,,
KRKAD01,,,,,,,,,
KRKDFS01,,,,,,,,,
KRKDHCPT01,,,,,,,,,
KRKFILE02,,,,,,,,,
KRKSDWT101,,,,,,,,,
KRKSQLGIS301,,,,,,,,,
KRKWEB01,,,,,,,,,
KRKWEBCLO01,,,,,,,,,
KULDFS01,,,,,,,,,
KULLIC01,,,,,,,,,
KULNASAV01,,,,,,,,,
KULPRINTING01,,,,,,,,,
KULPWC02,,,,,,,,,
KULSECTY01,,,,,,,,,
KULSVC01,,,,,,,,,
L-AABCPRINT01,,,,,,,,,
L-AAZUREMIG101,,,,,,,,,
L-ABIMAUTO06,,,,,,,,,
L-ABIMAUTO07,,,,,,,,,
L-ABIMAUTO08,,,,,,,,,
L-ADNS01,,,,,,,,,
LAGAD01,,,,,,,,,
LAGDFS01,,,,,,,,,
L-AGIS02,,,,,,,,,
L-AGISOTP01,,,,,,,,,
L-AGISPGSQL01,,,,,,,,,
L-AGISPY01,,,,,,,,,
L-AGISPY03,,,,,,,,,
L-AGISWSG02,,,,,,,,,
LAGSAGE01,,,,,,,,,
L-ALM01,,,,,,,,,
LAMIGWESTUS,,,,,,,,,
L-ANTS25,,,,,,,,,
L-APW02,,,,,,,,,
L-ASTRAS02,,,,,,,,,
L-AUTIL02,,,,,,,,,
L-AUTIL03,,,,,,,,,
L-AVMVALZERTO01,,,,,,,,,
L-AWEBGIS03,,,,,,,,,
L-CDFS07,,,,,,,,,
L-CDFS101,,,,,,,,,
L-CLIC01,,,,,,,,,
L-CLIC03,,,,,,,,,
L-CLIC04-R2,,,,,,,,,
L-CLIC07,,,,,,,,,
L-CNTS08,,,,,,,,,
LDNADMIN01,,,,,,,,,
LDNADMIN101,,,,,,,,,
LDNADMIN102,,,,,,,,,
LDNADMIN103,,,,,,,,,
LDNADMIN106,,,,,,,,,
LDNBMS05,,,,,,,,,
LDNCITTST01,,,,,,,,,
LDNDEV01,,,,,,,,,
LDNDFS01,,,,,,,,,
LDNDFS111,,,,,,,,,
LDNLIC02,,,,,,,,,
LDNLIC03,,,,,,,,,
LDNLIC04,,,,,,,,,
LDNLIC06,,,,,,,,,
LDNLIC07,,,,,,,,,
LDNLIC14,,,,,,,,,
LDNLIC15,,,,,,,,,
LDNLIC19,,,,,,,,,
LDNMOIRA101,,,,,,,,,
LDNMOIRA102,,,,,,,,,
LDNMOIRA103,,,,,,,,,
LDNPAMON101,,,,,,,,,
LDNPASAT101,,,,,,,,,
LDNPLEXOS01,,,,,,,,,
LDNPRINTROOM101,,,,,,,,,
LDNPWCHE03,,,,,,,,,
LDNRDS101,,,,,,,,,
LDSDFS01,,,,,,,,,
LDSLIC04,,,,,,,,,
LDSPWCHE02,,,,,,,,,
LIVAD01,,,,,,,,,
LIVADMIN102,,,,,,,,,
LIVCOPIER02,,,,,,,,,
LIVDFS01,,,,,,,,,
LIVLIC01,,,,,,,,,
LIVPWCHE02,,,,,,,,,
L-PRINTROOM01,,,,,,,,,
MACLIC01,,,,,,,,,
MACNTS02,,,,,,,,,
MACNTS03,,,,,,,,,
MACSCCMDP01,,,,,,,,,
MADA3BACKUP01,,,,,,,,,
MADAD01,,,,,,,,,
MADAPPS01,,,,,,,,,
MADDFS01,,,,,,,,,
MADLIC01,,,,,,,,,
madpiql01,,,,,,,,,
MADPRINT01,,,,,,,,,
MADPWCHE01,,,,,,,,,
MADRVT01,,,,,,,,,
MANFIN101,,,,,,,,,
MANNTS01,,,,,,,,,
MANNTS02,,,,,,,,,
MANNTS05,,,,,,,,,
MANNTS06,,,,,,,,,
MANNTS07,,,,,,,,,
MANNTS10,,,,,,,,,
MANSVC01,,,,,,,,,
MAUAD01,,,,,,,,,
MAUDFS01,,,,,,,,,
MAUFILE01,,,,,,,,,
MAULIC01,,,,,,,,,
MAUPRINT01,,,,,,,,,
MCCADMIN01,,,,,,,,,
MCCDFS102,,,,,,,,,
MCCDTTEST,,,,,,,,,
MCCGARYTEST01,,,,,,,,,
MCCGARYTEST02,,,,,,,,,
MCCLIC06,,,,,,,,,
MCCLIC07,,,,,,,,,
MCCLIC08,,,,,,,,,
MCCLIC10,,,,,,,,,
MCCLIC11,,,,,,,,,
MCCLOCKER101,,,,,,,,,
MCCNTAPVS04,,,,,,,,,
MCCNTAPVS05,,,,,,,,,
MCCPAMON101,,,,,,,,,
MCCPASAT101,,,,,,,,,
MCCPRINT02,,,,,,,,,
MCCPWCHE01,,,,,,,,,
MCCWEBGEO102,,,,,,,,,
MELDYNALITE,,,,,,,,,
MELPWC01,,,,,,,,,
MELSALTO01,,,,,,,,,
MILCCTV101,,,,,,,,,
MILDFS101,,,,,,,,,
MILLIC01,,,,,,,,,
MILNTS04CL-POC,,,,,,,,,
MILPRINT01,,,,,,,,,
MILSYNCHRO01,,,,,,,,,
MOODLE01,,,,,,,,,
MOODLE02,,,,,,,,,
MTLABCPRINT01,,,,,,,,,
MTLBIMAUTO01,,,,,,,,,
MTLBIMAUTO02,,,,,,,,,
MTLPW02,,,,,,,,,
MTLUTIL01,,,,,,,,,
MUMBIO01,,,,,,,,,
MUMDFS01,,,,,,,,,
MUMLIC01,,,,,,,,,
MUMNTS03,,,,,,,,,
mysqlvtm01,,,,,,,,,
N-EAD01,,,,,,,,,
N-EADMIN01,,,,,,,,,
N-EDFS102,,,,,,,,,
N-ELIC02,,,,,,,,,
N-EMODEL03,,,,,,,,,
N-ENTAPVS02,,,,,,,,,
N-EPWCHE01,,,,,,,,,
N-ERVT01,,,,,,,,,
N-JABCPRINT01,,,,,,,,,
N-JPW01,,,,,,,,,
N-JUTIL01,,,,,,,,,
NTMDFS101,,,,,,,,,
NTMDTTEST,,,,,,,,,
NTMPWCHE01,,,,,,,,,
NTMRMT01,,,,,,,,,
NWMDFS01,,,,,,,,,
NWMFILE03,,,,,,,,,
NWM-NMHPC01,,,,,,,,,
NWM-NMHPC02,,,,,,,,,
NWM-NMHPC03,,,,,,,,,
NWM-NMHPC05,,,,,,,,,
NWM-NMHPC06,,,,,,,,,
NWM-NMHPC09,,,,,,,,,
NWM-NMHPC10,,,,,,,,,
NWM-NMHPC11,,,,,,,,,
NWM-NMHPC12,,,,,,,,,
NWM-NMHPC13,,,,,,,,,
NWM-NMHPC14,,,,,,,,,
NWM-NMHPC15,,,,,,,,,
NWM-NMHPC16,,,,,,,,,
NWM-NMHPC17,,,,,,,,,
NWM-NMHPC18,,,,,,,,,
NWM-NMHPC19,,,,,,,,,
NWM-NMHPC20,,,,,,,,,
NWMNMSE01,,,,,,,,,
NWMPWCHE02,,,,,,,,,
N-YABCPRINT01,,,,,,,,,
N-YAD03,,,,,,,,,
N-YADSWEB01,,,,,,,,,
N-YADSWEB09,,,,,,,,,
N-YBIMAUTO04,,,,,,,,,
N-YBIMAUTO05,,,,,,,,,
N-YBIMAUTO06,,,,,,,,,
N-YDATACACHE01,,,,,,,,,
N-YDNS01,,,,,,,,,
N-YDNS02,,,,,,,,,
N-YLM01,,,,,,,,,
N-YNTS26,,,,,,,,,
N-YUTIL01,,,,,,,,,
N-YUTIL03,,,,,,,,,
OAKABCPRINT01,,,,,,,,,
OAKUTIL01,,,,,,,,,
PEKAD01,,,,,,,,,
PEKNASAV101,,,,,,,,,
PEKNTS01,,,,,,,,,
PEKNTS02,,,,,,,,,
PEKNTS03,,,,,,,,,
PEKNTS09,,,,,,,,,
PEKSVC101,,,,,,,,,
PENDFS01,,,,,,,,,
PENLIC01,,,,,,,,,
PENNASAV01,,,,,,,,,
PENPRINT01,,,,,,,,,
PENSVC01,,,,,,,,,
PERLIC03,,,,,,,,,
PERLIC04,,,,,,,,,
PERNASAV02,,,,,,,,,
PERPRN01,,,,,,,,,
PERPWC101,,,,,,,,,
PERSVC01,,,,,,,,,
PLPNTS01CL,,,,,,,,,
PLPNTS03CL,,,,,,,,,
powerbi-custom-,,,,,,,,,
powerpnp,,,,,,,,,
pwrbicomp,,,,,,,,,
quicktestvm01,,,,,,,,,
recoveryvm,,,,,,,,,
RescueVM,,,,,,,,,
RhinoCompute,,,,,,,,,
SEAABCPRINT01,,,,,,,,,
SEAAD101,,,,,,,,,
SEAPW01,,,,,,,,,
SEAUTIL01,,,,,,,,,
selfservicepoc,,,,,,,,,
S-FABCPRINT01,,,,,,,,,
S-FATRWEB01,,,,,,,,,
S-FBIMAUTO01,,,,,,,,,
S-FBIMAUTO02,,,,,,,,,
S-FBIMAUTO03,,,,,,,,,
S-FBIMAUTO04,,,,,,,,,
S-FDNS01,,,,,,,,,
S-FLM01,,,,,,,,,
S-FNTS25,,,,,,,,,
S-FPW02,,,,,,,,,
S-FSAGE01,,,,,,,,,
S-FUTIL02,,,,,,,,,
SHADNS101,,,,,,,,,
SHAFIN101,,,,,,,,,
SHALIC101,,,,,,,,,
SHANASAV101,,,,,,,,,
SHANTS02,,,,,,,,,
SHAODNS101,,,,,,,,,
SHAPRN101,,,,,,,,,
SHASVC101,,,,,,,,,
SHDADMIN02,,,,,,,,,
SHDBACKUP01,,,,,,,,,
SHDDFS101,,,,,,,,,
SHDFILE02,,,,,,,,,
SHDLIC02,,,,,,,,,
SHDPWCHE01,,,,,,,,,
SHZAD01,,,,,,,,,
SHZLIC101,,,,,,,,,
SHZNASAV101,,,,,,,,,
SHZNTS03,,,,,,,,,
SHZNTS05,,,,,,,,,
SHZNTS059,,,,,,,,,
SHZNTS06,,,,,,,,,
SHZNTS07,,,,,,,,,
SHZSVC101,,,,,,,,,
SHZVDI01,,,,,,,,,
SINAD02,,,,,,,,,
SINMYSQL01,,,,,,,,,
SINNASAV02,,,,,,,,,
SINNETUTIL01,,,,,,,,,
SINPRINTING01,,,,,,,,,
SINPRSQL101,,,,,,,,,
SINPW101,,,,,,,,,
SINPWCHE01,,,,,,,,,
SINPWUSS101,,,,,,,,,
SINSECSRV01,,,,,,,,,
SINSVC101,,,,,,,,,
SINSVC102,,,,,,,,,
SMBTEST,,,,,,,,,
SMBTEST2,,,,,,,,,
SOLARWINDSOLD,,,,,,,,,
SQL2019DEL2,,,,,,,,,
SQL2019IMGVM,,,,,,,,,
STGDEV02,,,,,,,,,
STGHYD03,,,,,,,,,
STGHYD04,,,,,,,,,
STGNTS06,,,,,,,,,
SYDNASAV01,,,,,,,,,
SYDPRINTING01,,,,,,,,,
SYDPWC03,,,,,,,,,
SYDVMVALZERTO01,,,,,,,,,
tallyerp9prod01,,,,,,,,,
tallyerp9uat01,,,,,,,,,
TEKLAUK01-OLD,,,,,,,,,
TOKNASAV101,,,,,,,,,
TOKNTS07,,,,,,,,,
TOKSVC101,,,,,,,,,
TORABCPRINT01,,,,,,,,,
TORBIMAUTO01,,,,,,,,,
TORBIMAUTO02,,,,,,,,,
TORBIMAUTO03,,,,,,,,,
TORBIMAUTO04,,,,,,,,,
TORFETCHSQL01,,,,,,,,,
TORFINCHWEB01,,,,,,,,,
TORGTAABBS01,,,,,,,,,
TORMIGCC101,,,,,,,,,
TORMMCI01,,,,,,,,,
TORPWAUTO01,,,,,,,,,
TORRES01,,,,,,,,,
TORUTIL01,,,,,,,,,
TORUTIL02,,,,,,,,,
TPELIC01,,,,,,,,,
TPENTS01,,,,,,,,,
TPESECVM02,,,,,,,,,
twa-vm,,,,,,,,,
uctoolsvm01,,,,,,,,,
UKXDA,,,,,,,,,
VNMAD01,,,,,,,,,
VNMFIN101,,,,,,,,,
WACADMIN101,,,,,,,,,
WACDFS101,,,,,,,,,
WACFILE01,,,,,,,,,
WACLIC02,,,,,,,,,
WACMDS02,,,,,,,,,
WACMDS03,,,,,,,,,
WACMDS04,,,,,,,,,
WACMDS05,,,,,,,,,
WACPJWCHE01,,,,,,,,,
WACPWCHE02,,,,,,,,,
WACWEB101,,,,,,,,,
WASABCPRINT01,,,,,,,,,
WASAD01,,,,,,,,,
WASBIMAUTO01,,,,,,,,,
WASPW01,,,,,,,,,
WASUTIL02,,,,,,,,,
WHVDFS01,,,,,,,,,
WHVNTAPVS01,,,,,,,,,
WIN2016TEST,,,,,,,,,
WIN2025,,,,,,,,,
WIN2025POC,,,,,,,,,
WIN2025TEST,,,,,,,,,
WSWAPP02,,,,,,,,,
WSWDFS101,,,,,,,,,
WSWENOVA102,,,,,,,,,
WSWLIC01,,,,,,,,,
WSWPRINT02,,,,,,,,,
WSWPWCHE01,,,,,,,,,
WSWRVT02,,,,,,,,,
