MessageID,Verdict,Last Action,Remediation Method,Retrospective Verdict,Received
<20250302132723.8b3bc4676602369a@business3.theinsurancequoter.com>,phishing,,,FALSE,2025-03-02T13:27:57Z
<659963039473908.4.EMC4000901782@thebestone.click>,phishing,,,FALSE,2025-03-02T13:26:43Z
<2fefc849-d2ef-4eb4-b7ff-4ff0bced64eb@mtl-mta03-out2>,phishing,,,FALSE,2025-03-02T13:25:31Z
<20250302131734.678cbd2fd448a732@business2.theinsurancequoter.com>,phishing,,,FALSE,2025-03-02T13:18:21Z
<mid-e2beebe57b341b53dfd34d5abe2d098d-1522@rail.railsempire.com>,phishing,,,FALSE,2025-03-02T13:14:25Z
<20250302140648.289A5D109F2CBDB6@cheng-hau.com>,scam,,,FALSE,2025-03-02T13:06:56Z
<fd34fb6c.CAAABrhEC4gAAAAAAAAAASjZNeAAAAAAGQQAAAAAABu9SwBnxFWW@mailjet.com>,bec,,,FALSE,2025-03-02T12:56:59Z
<b5d684e4-15d0-4eed-850d-99216bbd7152@applcommath.org>,bec,,,FALSE,2025-03-02T12:54:11Z
<20250302124315.eb52ccce94b5efb7@business3.theinsurancequoter.com>,phishing,,,FALSE,2025-03-02T12:43:20Z
<226f268d79bd97995af0b912f1456f40ca8ca9@esc.net.au>,phishing,,,FALSE,2025-03-02T12:43:18Z
<c31aac29-79b6-4495-be01-968f890950bd@DB5PEPF00014B98.eurprd02.prod.outlook.com>,scam,,,FALSE,2025-03-02T12:41:27Z
<301524136031442065514566@DESKTOP-NMR03B0>,scam,,,FALSE,2025-03-02T12:41:09Z
<CADc=-ew+tPk3N_jYhurP6=Mx+dCfap3_h0oKgn=jLTWNuEFycg@mail.gmail.com>,scam,,,FALSE,2025-03-02T12:33:55Z
<auto-000005769071@midlandonwab.com>,scam,,,FALSE,2025-03-02T12:33:21Z
<auto-000005769071@midlandonwab.com>,scam,,,FALSE,2025-03-02T12:33:17Z
<36d4e6ff-313b-43ce-b20d-69652940f865@simplerealtysolutions.com>,phishing,,,FALSE,2025-03-02T12:31:45Z
<12f85978-414b-478d-8233-1d867111008b@iconfhmls.com>,bec,,,FALSE,2025-03-02T12:19:31Z
<2-CbFUvs2Yltjb-9TupDUHGPWH7@smartbrain-company.com>,phishing,,,FALSE,2025-03-02T12:17:35Z
<autogen-java-7fa5e56d-5839-43bc-8314-3b16452b0492@google.com>,phishing,,,FALSE,2025-03-02T12:16:32Z
<C1.CF.22310.28B44C76@i-0b1b92204f297b78e.mta1vrest.sd.prd.sparkpost>,phishing,,,FALSE,2025-03-02T12:16:12Z
<1912779275.3413452.1740917549382@mail.yahoo.com>,scam,,,FALSE,2025-03-02T12:12:35Z
<20250302120611.67b3eac63e3365e4@us.creditformerchants.com>,phishing,,,FALSE,2025-03-02T12:06:47Z
<9eb6a6beae36465b8c3f99f5dc51463b@focelda.it>,scam,,,FALSE,2025-03-02T12:04:50Z
<2A.B9.22458.F7844C76@i-0b11083aecccea98c.mta1vrest.sd.prd.sparkpost>,phishing,,,FALSE,2025-03-02T12:04:42Z
<20250302120429.2c3e7e28b47db11e@mca1.creditformerchants.co.uk>,phishing,,,FALSE,2025-03-02T12:04:35Z
<174091687802.466.6682523125909232683@leadmaxx.pl>,phishing,,,FALSE,2025-03-02T12:04:05Z
<CAFqfYvW3wUf8RvcskARFBJ+hM2UQC8oFMhs2+BNKFcuE8y-4cg@mail.gmail.com>,phishing,,,FALSE,2025-03-02T12:02:45Z
<1774476209.6260422.1740916859086@mail.yahoo.com>,scam,,,FALSE,2025-03-02T12:01:07Z
<2cd9b193d8408cd27580f7df24760167@partner.berumax.ru>,scam,,,FALSE,2025-03-02T11:59:00Z
<E1tohs6-DVbVGI-OL@ucs131-ucs-1.selzymail.com>,malicious,,,FALSE,2025-03-02T11:57:43Z
<312268832.6261023.1740916426761@mail.yahoo.com>,scam,,,FALSE,2025-03-02T11:53:52Z
<20250302114832.0231c41b237e748c@business1.theinsurancequoter.com>,phishing,,,FALSE,2025-03-02T11:48:38Z
<axExml-NOA24WD-3r8JLd@sendersrv.com>,malicious,,,FALSE,2025-03-02T11:47:48Z
<30.79.22497.29444C76@i-0dc5b09bf313ca291.mta1vrest.sd.prd.sparkpost>,phishing,,,FALSE,2025-03-02T11:47:08Z
<mid-75222ca92846ad56c5ab2f0958b869b7-1566@kall.cookallhealthy.com>,phishing,,,FALSE,2025-03-02T11:45:53Z
<20250302045752.14FB2A26298@mail.yichang.com.pe>,scam,,,FALSE,2025-03-02T11:45:50Z
<mid-01JNBACSSBN065KNHRZA1G34BR@k3.send.modamarzenia.com>,phishing,,,FALSE,2025-03-02T11:45:37Z
<2b967eb8-df77-4770-9d66-f29a70768c28@ajomaa.org>,bec,,,FALSE,2025-03-02T11:45:33Z
<20250213004229.21A6F7A08ED3881D@biilbook.com>,phishing,,,FALSE,2025-03-02T11:44:48Z
<9f9570b0-efc9-4633-b473-edf4d1f76aea@mtl-mta03-out2>,phishing,,,FALSE,2025-03-02T11:43:05Z
<20250302114135.614e33630f1c9f42@business1.theinsurancequoter.com>,phishing,,,FALSE,2025-03-02T11:41:41Z
<C6.4A.20727.6A344C76@ccg13mail03>,scam,,,FALSE,2025-03-02T11:40:37Z
<174091558313.374.3872441406911540973@leadmaxx.pl>,phishing,,,FALSE,2025-03-02T11:40:30Z
<CAKm3zQAtO03oBDhto-iUzZG4GwNy+E5xqR-_ymq-+_f-BPiPEg@mail.gmail.com>,scam,,,FALSE,2025-03-02T11:38:48Z
<174091520652.374.3215595282903423606@mediaxtarget.pl>,phishing,,,FALSE,2025-03-02T11:34:11Z
<20250302112727.2dda49e1827350a6@business3.theinsurancequoter.com>,phishing,,,FALSE,2025-03-02T11:27:33Z
<CAJkRGF+o--=bRrVxJkYoG=GMXbj79v-6bRQrDCh_7b0_dYvpzw@mail.gmail.com>,scam,,,FALSE,2025-03-02T11:23:14Z
<64-012b4221-00001bdbda345602c000-000-1d6fa2df@smtpruby.com>,malicious,,,FALSE,2025-03-02T11:22:39Z
<20250302112036.ff7e1e56481a8d14@business1.theinsurancequoter.com>,phishing,,,FALSE,2025-03-02T11:20:41Z
<73a9ef15-c57f-4993-a168-33a8c968af4f@mariuslupescurealty.com>,phishing,,,FALSE,2025-03-02T11:20:19Z
<CABYPkFm5P3k8twjVV4cE8dfp0RZjgQh_p=OysJuSuO+UYqst6g@mail.gmail.com>,phishing,,,FALSE,2025-03-02T11:18:50Z
<afcb8c27d3173d36105a13b84c9fc5cec94a9430@incrediblestar.com>,phishing,,,FALSE,2025-03-02T11:17:10Z
<CAL+KARuyZvaRGBGqgREUBoOhDPv0yZ8Jaxw=K5-DC2+HeOpwTw@mail.gmail.com>,scam,,,FALSE,2025-03-02T11:16:45Z
<174091366912.2279188.1342405669954445322@mediaxtarget.pl>,phishing,,,FALSE,2025-03-02T11:08:48Z
<20250302110736.aea450ca379d2b86@mca1.creditformerchants.co.uk>,phishing,,,FALSE,2025-03-02T11:08:09Z
<autogen-java-39cf3e3b-61fe-4985-8677-0bfb467070b5@google.com>,malicious,,,FALSE,2025-03-02T10:58:44Z
<263865ec-5590-4da9-b743-059224e4afa7@AM1PEPF000252DB.eurprd07.prod.outlook.com>,scam,,,FALSE,2025-03-02T10:58:09Z
<6F.A3.22317.21934C76@i-06456dba6245feb17.mta1vrest.sd.prd.sparkpost>,phishing,,,FALSE,2025-03-02T10:58:02Z
<73a7c9ad-593d-4643-949c-420527b6706a@DB3PEPF0000885D.eurprd02.prod.outlook.com>,scam,,,FALSE,2025-03-02T10:57:14Z
<23c34ae6-51ce-458b-a872-23da57ff3801@AMS0EPF000001B0.eurprd05.prod.outlook.com>,scam,,,FALSE,2025-03-02T10:56:46Z
<53d9b36d-9e9d-4da2-a80d-8af019eb4fce@AM4PEPF00027A63.eurprd04.prod.outlook.com>,scam,,,FALSE,2025-03-02T10:56:43Z
<91.86.22457.D4834C76@i-0a1e50c9cdeebfac5.mta1vrest.sd.prd.sparkpost>,phishing,,,FALSE,2025-03-02T10:55:02Z
<20250302105332.65c22a6e1b52697f@business1.theinsurancequoter.com>,phishing,,,FALSE,2025-03-02T10:53:39Z
<fd0f0d8e-bb23-411a-8923-a8396bb9af7e@alibaba.com>,bec,,,FALSE,2025-03-02T10:51:33Z
<1bde011d-2a1d-4623-89aa-6e53d918c308@confbls.org>,bec,,,FALSE,2025-03-02T10:49:03Z
<08feed05-fa2f-4bae-8022-74e97b193da1@AM3PEPF0000A799.eurprd04.prod.outlook.com>,scam,,,FALSE,2025-03-02T10:48:23Z
<064b0379-0190-49f0-ae8e-548d2cfa03e6@AMS1EPF0000004D.eurprd04.prod.outlook.com>,scam,,,FALSE,2025-03-02T10:47:01Z
<18.67.22497.FA534C76@i-0dc5b09bf313ca291.mta1vrest.sd.prd.sparkpost>,phishing,,,FALSE,2025-03-02T10:43:37Z
<CALayhj=e7CT8eUSzQt8id_goPBGfSCQ0koZSErCDdUuUuFkdJQ@mail.gmail.com>,phishing,,,FALSE,2025-03-02T10:42:00Z
<77169ffa-e203-472f-9427-9a7856c598cc@DB1PEPF000509EC.eurprd03.prod.outlook.com>,scam,,,FALSE,2025-03-02T10:37:33Z
<CABMBReBzsVAySgNFrRPannK=SYgL90G9AuLAqYQawCRtW=+uTg@mail.gmail.com>,scam,,,FALSE,2025-03-02T10:32:25Z
<CABMBReBzsVAySgNFrRPannK=SYgL90G9AuLAqYQawCRtW=+uTg@mail.gmail.com>,scam,,,FALSE,2025-03-02T10:32:22Z
<20250302103208.c5c48099e70f9bc3@business3.theinsurancequoter.com>,phishing,,,FALSE,2025-03-02T10:32:14Z
<autogen-java-8ecf96ba-17a7-402f-bc4b-5a3b4a799f14@google.com>,malicious,,,FALSE,2025-03-02T10:32:10Z
<83.08.22368.99234C76@i-0f2df473953917ad9.mta1vrest.sd.prd.sparkpost>,phishing,,,FALSE,2025-03-02T10:31:58Z
<174091125816.374.11366617908369221489@leadmaxx.pl>,phishing,,,FALSE,2025-03-02T10:28:41Z
<174091123102.439952.459106070560445966@leadmaxx.pl>,phishing,,,FALSE,2025-03-02T10:27:57Z
<174091099223.439952.8177786831410903723@leadmaxx.pl>,phishing,,,FALSE,2025-03-02T10:24:14Z
<20250302102135.937b8030b107e559@mca1.creditformerchants.co.uk>,phishing,,,FALSE,2025-03-02T10:21:40Z
<64-012b4221-00001bdbcb0a8942c000-000-a95ea78@smtpruby.com>,malicious,,,FALSE,2025-03-02T10:16:22Z
<174091015895.466.9333050074610032094@mediaxtarget.pl>,phishing,,,FALSE,2025-03-02T10:10:05Z
<174090995655.439952.6100616226507127643@dataworld24.pl>,phishing,,,FALSE,2025-03-02T10:06:58Z
<c2b4b4bc-2f41-4fbd-8613-f812fbca4ff2@DU6PEPF00009524.eurprd02.prod.outlook.com>,scam,,,FALSE,2025-03-02T10:05:20Z
<61437230-e73c-4241-a9fa-653041c5d9dc@mtl-mta03-out2>,phishing,,,FALSE,2025-03-02T10:02:37Z
<01000195564cd5f3-162969d4-f71c-4442-8a3b-82ec7d7572b0-000000@email.amazonses.com>,phishing,,,FALSE,2025-03-02T10:01:34Z
<CAEYuFiUsQT6eYsb-kb0-PU=bqXr9JeOC0PkoiwKWGAgcfnL9vw@mail.gmail.com>,scam,,,FALSE,2025-03-02T09:57:34Z
<CAMF2oEH8EvvP2+Ah2b77XO_cRJrxp-PQzJMyTHLohKFvth_LjA@mail.gmail.com>,scam,,,FALSE,2025-03-02T09:53:11Z
<CAMF2oEH8EvvP2+Ah2b77XO_cRJrxp-PQzJMyTHLohKFvth_LjA@mail.gmail.com>,scam,,,FALSE,2025-03-02T09:53:09Z
<CAMF2oEH8EvvP2+Ah2b77XO_cRJrxp-PQzJMyTHLohKFvth_LjA@mail.gmail.com>,scam,,,FALSE,2025-03-02T09:53:07Z
<64-012b4221-00001bdbc533ac02c000-000-1541fcbc@smtpruby.com>,malicious,,,FALSE,2025-03-02T09:50:37Z
<CALayhj=e7CT8eUSzQt8id_goPBGfSCQ0koZSErCDdUuUuFkdJQ@mail.gmail.com>,phishing,,,FALSE,2025-03-02T09:49:40Z
<4ae024c2ba6e37ae3fa2e99275c8f40b@pomens.gr>,scam,,,FALSE,2025-03-02T09:45:40Z
<DC.4A.23938.88824C76@i-0e7ab2fdf9aa000f5.mta3vrest.sd.prd.sparkpost>,phishing,,,FALSE,2025-03-02T09:45:11Z
<B4.65.24012.68824C76@i-0445a3df58b627a89.mta3vrest.sd.prd.sparkpost>,phishing,,,FALSE,2025-03-02T09:45:11Z
<8C.14.24342.68824C76@i-0bd91721e64041bd0.mta3vrest.sd.prd.sparkpost>,phishing,,,FALSE,2025-03-02T09:45:00Z
<58.C2.23810.68824C76@i-09c9be3e69e11b8c7.mta3vrest.sd.prd.sparkpost>,phishing,,,FALSE,2025-03-02T09:44:56Z
<FE.64.23950.88824C76@i-0623289eec09cd383.mta3vrest.sd.prd.sparkpost>,phishing,,,FALSE,2025-03-02T09:44:44Z
<9D.24.24342.78824C76@i-0bd91721e64041bd0.mta3vrest.sd.prd.sparkpost>,phishing,,,FALSE,2025-03-02T09:44:44Z
<7A.34.23913.78824C76@i-0bb78b3e4677fe87e.mta3vrest.sd.prd.sparkpost>,phishing,,,FALSE,2025-03-02T09:44:43Z
<E9.E7.24169.58824C76@i-047fd89153ade21ee.mta3vrest.sd.prd.sparkpost>,phishing,,,FALSE,2025-03-02T09:44:41Z
<CA+XptK=+vMEpyetwnQo-eoS9nG4gK3Vxe2VmGqX6RZz0xf6ikQ@mail.gmail.com>,bec,,,FALSE,2025-03-02T09:38:53Z
<174089474882.439952.5396781092361886065@mediawebtrck.pl>,phishing,,,FALSE,2025-03-02T09:32:07Z
<CAMde20Z__h=wWjQ6Gnf=7vM+MSO=UdXUhuRpbK3w5=sKmOtefw@mail.gmail.com>,scam,,,FALSE,2025-03-02T09:24:49Z
<84.4E.22402.FE224C76@i-0a095cab0f323650f.mta1vrest.sd.prd.sparkpost>,phishing,,,FALSE,2025-03-02T09:24:06Z
<1_vWGvGYCr0Dg@boletinesv3.hyperionat.com>,phishing,,,FALSE,2025-03-02T09:22:00Z
<nUjgj000000000000000000000000000000000000000000000SSHOKN00ID3-yHxwSZS0V_vCwLKe_w@sfdc.net>,scam,,,TRUE,2025-03-02T09:19:58Z
<103170967109373.7.VJE6250723993@newpromou.click>,phishing,,,FALSE,2025-03-02T09:05:17Z
<20250302090430.fe47e76ad8e33dd2@mca1.creditformerchants.co.uk>,phishing,,,FALSE,2025-03-02T09:04:49Z
<20250302090300.0a3311ab2be68a2f@business3.theinsurancequoter.com>,phishing,,,FALSE,2025-03-02T09:03:05Z
<18b52794-658e-4b9e-8ee8-a6bbca746cbb_88117d2d-e347-4e0f-94d9-778d15fa0594_20250302090023@scratchmagazine.co.uk>,phishing,,,FALSE,2025-03-02T09:00:33Z
<73.D1.22503.ABB14C76@i-035eeda314371a73d.mta1vrest.sd.prd.sparkpost>,phishing,,,FALSE,2025-03-02T08:52:36Z
<C6.60.22656.18B14C76@i-003733824b9ead41b.mta1vrest.sd.prd.sparkpost>,phishing,,,FALSE,2025-03-02T08:52:25Z
<CALayhj=e7CT8eUSzQt8id_goPBGfSCQ0koZSErCDdUuUuFkdJQ@mail.gmail.com>,phishing,,,FALSE,2025-03-02T08:52:02Z
<20250302084552.272972a5dc5820d8@business3.theinsurancequoter.com>,phishing,,,FALSE,2025-03-02T08:45:55Z
<5f632495-be54-4c8f-89f6-d1844f8e81f5@ijoiis.net>,bec,,,FALSE,2025-03-02T08:38:49Z
<A7.88.22242.E0814C76@i-04a7f047d9da505e8.mta1vrest.sd.prd.sparkpost>,phishing,,,FALSE,2025-03-02T08:36:44Z
<7b501099-5d27-4d73-a04e-334fdd538780@AM3PEPF0000A792.eurprd04.prod.outlook.com>,scam,,,FALSE,2025-03-02T08:31:06Z
<CABhgZD2zxbazME1pXoQDy-qdLFvaBdVE0WxqwVnhm7LOo8hXmg@mail.gmail.com>,scam,,,FALSE,2025-03-02T08:24:35Z
<CABhgZD2zxbazME1pXoQDy-qdLFvaBdVE0WxqwVnhm7LOo8hXmg@mail.gmail.com>,scam,,,FALSE,2025-03-02T08:24:35Z
<20250302081336.1042fb4384fb29f2@business2.theinsurancequoter.com>,phishing,,,FALSE,2025-03-02T08:14:07Z
<CAL3qt4KDrPqpihxW2h4A-xZ16CNKOyGWOdMQ6QEkPXAXuPKSjA@mail.gmail.com>,scam,,,FALSE,2025-03-02T08:08:07Z
<20250302080359.f4e621047adfcc5a@business1.theinsurancequoter.com>,phishing,,,FALSE,2025-03-02T08:04:05Z
<eUaDkcNWQG-1rp60z9v6Zg@geopod-ismtpd-12>,scam,,,TRUE,2025-03-02T08:03:42Z
<VI1PR09MB391770162B60FBCDC4BEF182B2CE2@VI1PR09MB3917.eurprd09.prod.outlook.com>,scam,,,FALSE,2025-03-02T08:02:04Z
<20250302075957.d264a368669fb1bc@business1.theinsurancequoter.com>,phishing,,,FALSE,2025-03-02T08:00:00Z
<20250302075838.5a47cdd517379e35@business1.theinsurancequoter.com>,phishing,,,FALSE,2025-03-02T07:58:44Z
<autogen-java-79d1ec36-67dd-46f9-8d1e-7fbc9599af52@google.com>,malicious,,,FALSE,2025-03-02T07:55:59Z
<fe18b1e0-5b66-43f8-8e4e-f430547a8e16@mtl-mta03-out2>,phishing,,,FALSE,2025-03-02T07:55:50Z
<24.CE.22385.8C904C76@i-010afefbbb1256ef3.mta1vrest.sd.prd.sparkpost>,phishing,,,FALSE,2025-03-02T07:36:59Z
<20250302073559.55376c37359cc897@business1.theinsurancequoter.com>,phishing,,,FALSE,2025-03-02T07:36:02Z
<174090089092.466.7865962795631788933@tradesmart24.pl>,phishing,,,FALSE,2025-03-02T07:35:06Z
<D3.2A.23922.FB904C76@i-0ccd2f9127ab5a118.mta3vrest.sd.prd.sparkpost>,malicious,,,FALSE,2025-03-02T07:34:38Z
<20250302073433.07e4e07ac99b721d@business1.theinsurancequoter.com>,phishing,,,FALSE,2025-03-02T07:34:37Z
<20250302073335.ce1a8305bd67c275@business2.theinsurancequoter.com>,phishing,,,FALSE,2025-03-02T07:33:41Z
<174089553924.439952.2178067600917549375@dataworld24.pl>,phishing,,,FALSE,2025-03-02T07:25:51Z
<a6144f521efaae635135c3478e9e5d20@geonenergy.com>,phishing,,,FALSE,2025-03-02T07:18:50Z
<f9b22e6d0725668993471107e3f3e85e@ewxveqku.cn>,phishing,,,FALSE,2025-03-02T07:12:41Z
<f9b22e6d0725668993471107e3f3e85e@ewxveqku.cn>,phishing,,,FALSE,2025-03-02T07:12:37Z
<f9169237-6926-4caa-90a1-00af5aca045f@simplerealtysolutions.com>,phishing,,,FALSE,2025-03-02T07:07:28Z
<20250302070715.b11a39ffc0441e0e@business3.theinsurancequoter.com>,phishing,,,FALSE,2025-03-02T07:07:20Z
<8e304fcc-a4bb-48cb-ad79-50b39bb701ec@owni9sports.top>,scam,,,FALSE,2025-03-02T07:03:19Z
<autogen-java-78916f53-1f3b-44de-b7d3-663ce4d4b4be@google.com>,malicious,,,FALSE,2025-03-02T07:01:45Z
<174089873375.439952.8524221869900405219@tgonline.pl>,phishing,,,FALSE,2025-03-02T06:59:10Z
<CACL1XWJXddCwokN8esv15ajmoC2oNud9mTx3+R3HQ_qvgtCKeQ@mail.gmail.com>,scam,,,FALSE,2025-03-02T06:53:42Z
<CACL1XWJXddCwokN8esv15ajmoC2oNud9mTx3+R3HQ_qvgtCKeQ@mail.gmail.com>,scam,,,FALSE,2025-03-02T06:53:42Z
<20250210165837.B4917FD3AE01D01D@biilbook.com>,phishing,,,FALSE,2025-03-02T06:52:35Z
<20250302064902.32C7E40F36@mail.unity.101support.net>,scam,,,FALSE,2025-03-02T06:49:20Z
<e537a63b-ae83-4f13-ac0b-5eaa93dd7c21@amjep.org>,bec,,,FALSE,2025-03-02T06:48:04Z
<CABBuNxQXspjGbmG=uearQ7cxbnzhEn1U-RXJXDh8arVhUZ5XpQ@mail.gmail.com>,bec,,,FALSE,2025-03-02T06:44:42Z
<174089707253.466.12803043543981028128@mediawebtrck.pl>,phishing,,,FALSE,2025-03-02T06:41:35Z
<174089746935.439952.3672869889899390853@leadmaxx.pl>,phishing,,,FALSE,2025-03-02T06:38:48Z
<mid-64a980f35347544c45468f5090a2ea40-2222@ice.shopblazeice.com>,phishing,,,FALSE,2025-03-02T06:34:29Z
<f8779576-9902-4530-8877-3260abe4d119@DB1PEPF000509E2.eurprd03.prod.outlook.com>,scam,,,FALSE,2025-03-02T06:26:12Z
<174089659476.466.4128426211477791598@tgonline.pl>,phishing,,,FALSE,2025-03-02T06:23:33Z
<174089639514.2279188.4804296694122518740@dataworld24.pl>,phishing,,,FALSE,2025-03-02T06:20:58Z
<autogen-java-c9c25a60-f029-48f8-8ce0-cacd8e96f9bd@google.com>,malicious,,,FALSE,2025-03-02T06:13:10Z
<4dc0d7a1-a1ed-4784-9d6d-e07cc207ad76@fra3s50mta9.xt.local>,scam,,,FALSE,2025-03-02T06:12:04Z
<0a0bdb5c-a397-55dc-374e-912cae086c4b@email.precisioncomparable.com>,scam,,,FALSE,2025-03-02T06:11:42Z
<174089569774.439952.10370034117677259652@leadmaxx.pl>,phishing,,,FALSE,2025-03-02T06:09:18Z
<3aefcf00c2dca7f812dd37e18b471be174ec0952@logistic.e-mail852.com>,phishing,,,FALSE,2025-03-02T06:09:01Z
<174089567637.466.1976661564945713546@leadmaxx.pl>,phishing,,,FALSE,2025-03-02T06:08:58Z
<20250302060732.739583c3a8788bf2@us.creditformerchants.com>,phishing,,,FALSE,2025-03-02T06:07:38Z
<20250302055957.314dda1890a9a8b2@business1.theinsurancequoter.com>,phishing,,,FALSE,2025-03-02T06:00:02Z
<aa165ff400c4eee02389c06b883c16393efb3c@e-mnd.com>,phishing,,,FALSE,2025-03-02T05:54:56Z
<6296399547024439529469@win96153>,scam,,,FALSE,2025-03-02T05:52:22Z
<174089457191.439952.13327940624703853507@biznetglobal.pl>,phishing,,,FALSE,2025-03-02T05:50:19Z
<CAN2b5Mk-D8rMdR3Jn7BBmMpVrTyM67715Zwutwmb6DCvHowg5Q@mail.gmail.com>,scam,,,FALSE,2025-03-02T05:48:16Z
<64469a3f-6b46-4668-aa3e-4d6d0b83797b@assci.org>,bec,,,FALSE,2025-03-02T05:44:42Z
<20250302053433.0dded4103a984e9b@business1.theinsurancequoter.com>,phishing,,,FALSE,2025-03-02T05:34:39Z
<a6ae11c1-3098-4238-8a3b-417995033872@DU2PEPF00028D0E.eurprd03.prod.outlook.com>,scam,,,FALSE,2025-03-02T05:33:22Z
<20250302051643.ca537484c156c99a@business1.theinsurancequoter.com>,phishing,,,FALSE,2025-03-02T05:16:48Z
<8b736407-dd94-48c2-a5b6-6c6eb23f7131@wjph.org>,bec,,,FALSE,2025-03-02T05:08:32Z
<1740891629.gmydonrnge3tsojnguzdgmbxgu@mb.descubreestanewsletter.com>,phishing,,,FALSE,2025-03-02T05:02:01Z
<1188b612-cd3b-452e-98f2-8cfc02b2ab50@ajols.org>,bec,,,FALSE,2025-03-02T04:56:22Z
<20250301140239.82872EA8C33@mail.acnabin-bd.com>,scam,,,FALSE,2025-03-02T04:53:05Z
<autogen-java-96c9c741-d208-4c6e-bb47-c9106e60d602@google.com>,malicious,,,FALSE,2025-03-02T04:51:11Z
<20250302044434.da87f8f0c4f7262e@business2.theinsurancequoter.com>,phishing,,,FALSE,2025-03-02T04:45:10Z
<695799f9-cccf-4325-96d9-54206d631f61@MAIL.ulg.rmp.local>,scam,,,FALSE,2025-03-02T04:44:35Z
<autogen-java-bec605a0-aae5-4b01-a1d5-735b4bdac32f@google.com>,malicious,,,FALSE,2025-03-02T04:41:48Z
<autogen-java-8e688f8f-0856-4b86-a9b6-3113d1a143fd@google.com>,malicious,,,FALSE,2025-03-02T04:41:27Z
<F6.F0.22527.EEFD3C76@i-084eae0c069232be8.mta1vrest.sd.prd.sparkpost>,phishing,,,FALSE,2025-03-02T04:38:20Z
<274840648884029346415@win96151>,scam,,,FALSE,2025-03-02T04:33:07Z
<20250301203654.0fe14cee097ae2f8@business2.theinsurancequoter.com>,phishing,,,FALSE,2025-03-02T04:32:09Z
<1_MkW4dGfnbOL@boletinesv3.hyperionat.com>,phishing,,,FALSE,2025-03-02T04:32:06Z
<20250301203355.d5fa1cbda793126b@business2.theinsurancequoter.com>,phishing,,,FALSE,2025-03-02T04:29:09Z
<4e58b807-79e4-4c27-9cdc-203b16f696d0@emssconf.com>,bec,,,FALSE,2025-03-02T04:23:48Z
<abf2f68e-aabc-462e-9e42-429f2ef9bd26@ciccarellicoach.com>,scam,,,FALSE,2025-03-02T04:23:45Z
<20250301141441.CBDA3C27CCC1@c156gu4e.mwprem.net>,scam,,,FALSE,2025-03-02T04:21:58Z
<20250301155248.13415C0D1576@c156gu4e.mwprem.net>,scam,,,FALSE,2025-03-02T04:17:14Z
<457.313488Z928502@W75Y5.localdomain>,phishing,,,FALSE,2025-03-02T04:13:23Z
<20250301044929.7A0F8C2D01CD@c156gu4e.mwprem.net>,scam,,,FALSE,2025-03-02T04:07:51Z
<9c16f235242e160a26d0bb581648a8f1@dxbproj-uae.com>,phishing,,,FALSE,2025-03-02T04:06:26Z
<23187657bde1b8ef90fe8f1bf5475452@dxbproj-uae.com>,phishing,,,FALSE,2025-03-02T04:06:11Z
<6fd9ddc50b78452bbac3202e677f4d8d@dxbproj-uae.com>,phishing,,,FALSE,2025-03-02T04:03:19Z
<37b3205236e45f35e26aafac369f05fc@dxbproj-uae.com>,phishing,,,FALSE,2025-03-02T04:03:08Z
<3fb1e503420d2c1d48f63465a6a217c8@dxbproj-uae.com>,phishing,,,FALSE,2025-03-02T04:02:57Z
<223841939.26489.1740887759336@HXCENTRAL-PROD.C-Care.mu>,phishing,,,FALSE,2025-03-02T03:56:05Z
<ff064688-eabc-41d5-abbe-1c50539337a5@MAIL.ulg.rmp.local>,scam,,,FALSE,2025-03-02T03:52:51Z
<20250301120114.4C800C275B94@c156gu4e.mwprem.net>,scam,,,FALSE,2025-03-02T03:52:27Z
<20250302034256.32c823bce9a97e15@business1.theinsurancequoter.com>,phishing,,,FALSE,2025-03-02T03:43:29Z
<20250301023241.0D1A0C2BD4D7@c156gu4e.mwprem.net>,scam,,,FALSE,2025-03-02T03:42:06Z
<20250302034157.951c05df1e6f2f6a@business1.theinsurancequoter.com>,phishing,,,FALSE,2025-03-02T03:42:02Z
<20250302034136.c8e09fea5b05f48e@business1.theinsurancequoter.com>,phishing,,,FALSE,2025-03-02T03:41:43Z
<ff632c8e-d74f-4972-8a79-8e7f19ecdbb1@AM3PEPF0000A790.eurprd04.prod.outlook.com>,scam,,,FALSE,2025-03-02T03:41:31Z
<20250301114151.22BC4C20F763@c156gu4e.mwprem.net>,scam,,,FALSE,2025-03-02T03:37:42Z
<20250301211555.555C5C20E74E@c156gu4e.mwprem.net>,scam,,,FALSE,2025-03-02T03:32:44Z
<1_2opoQvcbgDy@boletinesv3.hyperionat.com>,phishing,,,FALSE,2025-03-02T03:31:43Z
<20250301124230.CD9C5C24210F@c156gu4e.mwprem.net>,scam,,,FALSE,2025-03-02T03:27:04Z
<20250302032555.D3517280008E@mail.elite-crystals.com>,bec,,,FALSE,2025-03-02T03:26:56Z
<0af13b710d0a16261076098622718d56@dxbproj-uae.com>,phishing,,,FALSE,2025-03-02T03:24:42Z
<20250301160906.55DEEC211247@c156gu4e.mwprem.net>,scam,,,FALSE,2025-03-02T03:22:45Z
<20250302031835.40362650a42b9f10@business1.theinsurancequoter.com>,phishing,,,FALSE,2025-03-02T03:19:11Z
<mid-deadedebd91b9e5149f17b9cf93c393b-2083@heal.healthcarejobservices.com>,phishing,,,FALSE,2025-03-02T03:19:10Z
<20250301035629.596D4C2CB490@c156gu4e.mwprem.net>,scam,,,FALSE,2025-03-02T03:17:51Z
<20250301174851.247ACC0B2BDE@c156gu4e.mwprem.net>,scam,,,FALSE,2025-03-02T03:17:31Z
<20250302041711.C2C02A47695A85DB@cheng-hau.com>,scam,,,FALSE,2025-03-02T03:17:17Z
<20250301085307.3D4196103F7@mail.an.bf>,scam,,,FALSE,2025-03-02T03:15:28Z
<autogen-java-59902991-56c4-4538-9661-fc0fbe9c7a44@google.com>,malicious,,,FALSE,2025-03-02T03:12:18Z
<20250301174548.CD724C14583E@c156gu4e.mwprem.net>,scam,,,FALSE,2025-03-02T03:12:00Z
<mid-e9ddfd661be972df7a125b68aa3579c9-2314@way.waymohome.com>,phishing,,,FALSE,2025-03-02T03:06:36Z
<CAAf-nEehJuFAp-yFBBVr3-X5UN5zft6Y5Zgmf_6QP1ys-r9hsw@mail.gmail.com>,scam,,,FALSE,2025-03-02T03:00:24Z
<20250302023238.779a35d648ab7fc7@business2.theinsurancequoter.com>,phishing,,,FALSE,2025-03-02T02:58:16Z
<1_jGyGvrsX6Md@boletinesv3.hyperionat.com>,phishing,,,FALSE,2025-03-02T02:55:24Z
<CAAf-nEe4syH93wXtynFUeHNLHt4fgjRwPVgZ9GT2u9scoFVfSw@mail.gmail.com>,scam,,,FALSE,2025-03-02T02:49:51Z
<20250302023135.8ac39d6092ea01ea@business2.theinsurancequoter.com>,phishing,,,FALSE,2025-03-02T02:42:07Z
<20250302024116.af1c435a6b092083@business3.theinsurancequoter.com>,phishing,,,FALSE,2025-03-02T02:41:20Z
<28.76.22349.954C3C76@i-028f8f420ce467021.mta1vrest.sd.prd.sparkpost>,phishing,,,FALSE,2025-03-02T02:41:01Z
<20250302024005.cd6a01fc180f1656@business3.theinsurancequoter.com>,phishing,,,FALSE,2025-03-02T02:40:10Z
<CAGU_ti+bW=otrm9LjgDEWDxkAQpafz15vDNe6Eir8JwwX+dJGg@mail.gmail.com>,scam,,,FALSE,2025-03-02T02:36:55Z
<b9f9826f-67f4-47b3-95fd-68e90585734b@marcdesormeauxco.com>,scam,,,FALSE,2025-03-02T02:31:44Z
<d2e967cb-f14d-498c-80e9-909f9f1ba3ce@BN2PEPF000044A3.namprd02.prod.outlook.com>,bec,,,FALSE,2025-03-02T02:29:54Z
<20250302102807466.644107@enpress-publisher.net>,scam,,,FALSE,2025-03-02T02:28:14Z
<20250302022505.3da131110b434a0a@business3.theinsurancequoter.com>,phishing,,,FALSE,2025-03-02T02:25:10Z
<20250302021538.aeae3e1711ea3711@business2.theinsurancequoter.com>,phishing,,,FALSE,2025-03-02T02:15:54Z
<39cee62f4d214a6bb98904b3b992b7f0.20250302.1740881426@qcloudmail.com>,scam,,,FALSE,2025-03-02T02:11:16Z
<3B.9F.22370.89DB3C76@i-003b1fd951a8e785d.mta1vrest.sd.prd.sparkpost>,phishing,,,FALSE,2025-03-02T02:10:43Z
<mid-2c248d75f2fb5b398d18e4f9354a667a-323@proud.wellsproductsandapps.com>,phishing,,,FALSE,2025-03-02T02:03:10Z
<F6.8B.22673.04BB3C76@i-09e473cab3b99dff6.mta1vrest.sd.prd.sparkpost>,phishing,,,FALSE,2025-03-02T01:58:29Z
<1B.F8.22567.BF9B3C76@i-0c66f77c27b228b86.mta1vrest.sd.prd.sparkpost>,phishing,,,FALSE,2025-03-02T01:55:32Z
<CAMBbr93nzRGhjym+kz+D+L8v1psnJB2rufUo7QO9tcmL84AmjQ@mail.gmail.com>,scam,,,FALSE,2025-03-02T01:54:08Z
<848a0016-9d19-4d5a-9100-57058be2295e@CP1PEPF00007AE0.BRAP284.PROD.OUTLOOK.COM>,phishing,,,FALSE,2025-03-02T01:53:34Z
<39ab36b4-4cc7-4054-bf24-e66aaaf155d1@RI1PEPF000008DB.BRAP284.PROD.OUTLOOK.COM>,phishing,,,FALSE,2025-03-02T01:53:22Z
<b94b7f04-67aa-4fc3-b9eb-19325e3fe9ad@CP1PEPF00007AE0.BRAP284.PROD.OUTLOOK.COM>,phishing,,,FALSE,2025-03-02T01:53:20Z
<bc701403-2902-4982-bb42-55058f1edd19@RI1PEPF000008DC.BRAP284.PROD.OUTLOOK.COM>,phishing,,,FALSE,2025-03-02T01:53:20Z
<CAC0YpstQ4iX5JXem2YC_JU2AVRkDuX+f8Rm7WkVbk1K3s=5mJA@mail.gmail.com>,scam,,,FALSE,2025-03-02T01:51:18Z
<autogen-java-cdaafce7-da43-4274-9368-fde56762a7d6@google.com>,malicious,,,FALSE,2025-03-02T01:46:24Z
<20250302014458.0d0280a7feb83ff8@business1.theinsurancequoter.com>,phishing,,,FALSE,2025-03-02T01:45:03Z
<1_EyXnjRInpW3@boletinesv3.hyperionat.com>,phishing,,,FALSE,2025-03-02T01:44:16Z
<20250212145426.6C4D428CA5EB@kes.vimosagoodyear.com.mx>,scam,,,FALSE,2025-03-02T01:44:12Z
<CAGMoiSm4p09nwDUafFFLjL1yT30YxP_Fy4Otg5M+OT-MAPMT2g@mail.gmail.com>,scam,,,FALSE,2025-03-02T01:42:57Z
<CAGMoiS=r68G_4_7RUmYRfPqBNnA70qZrz5bjeY7KfaCEPBDumQ@mail.gmail.com>,scam,,,FALSE,2025-03-02T01:42:40Z
<388.8403N66154102@H92AU32.localdomain>,phishing,,,FALSE,2025-03-02T01:40:59Z
<ebd62317-d62a-4606-a5b4-cdc360e67b92@dakillestudio.com>,phishing,,,FALSE,2025-03-02T01:38:34Z
<1a6f0e15167675635ef196ab06f1e6db@2019.bitva-robotov.ru>,scam,,,FALSE,2025-03-02T01:36:18Z
<20250301144009.EA596EBF3AB@mail.acnabin-bd.com>,scam,,,FALSE,2025-03-02T01:30:59Z
<55484036102563223017253@win96153>,scam,,,FALSE,2025-03-02T01:25:15Z
<69.4C.22327.211B3C76@i-0881c8ce7686e5f33.mta1vrest.sd.prd.sparkpost>,phishing,,,FALSE,2025-03-02T01:18:04Z
<9dbadc8c-47ae-4d27-b4ad-b4488096775c@DB3PEPF0000885A.eurprd02.prod.outlook.com>,scam,,,FALSE,2025-03-02T01:15:57Z
<20250302011435.de71e64c2df8e2e6@mca1.creditformerchants.co.uk>,phishing,,,FALSE,2025-03-02T01:14:58Z
<mid-2d622043e24424b3143e88e934ff0a3f-2312@auto.elegantautocenter.com>,phishing,,,FALSE,2025-03-02T01:14:45Z
<20250212171940.62DB32A4AEA6@kes.vimosagoodyear.com.mx>,scam,,,FALSE,2025-03-02T01:14:02Z
<BE.1F.22686.450B3C76@i-097f64652ba5a2daf.mta1vrest.sd.prd.sparkpost>,phishing,,,FALSE,2025-03-02T01:13:53Z
<6b7fb7a3-9d2e-4916-bdb8-16cc9460f09f@AMS0EPF000001AF.eurprd05.prod.outlook.com>,scam,,,FALSE,2025-03-02T01:12:19Z
<608a6b03432bfd974844d2decc9d716f@gmail.com>,scam,,,FALSE,2025-03-02T01:05:50Z
<608a6b03432bfd974844d2decc9d716f@gmail.com>,scam,,,FALSE,2025-03-02T01:05:50Z
<67c3ae5a.050a0220.37baf8.a555@mx.google.com>,scam,,,FALSE,2025-03-02T01:03:31Z
<C9.93.22497.9ECA3C76@i-0dc5b09bf313ca291.mta1vrest.sd.prd.sparkpost>,phishing,,,FALSE,2025-03-02T00:57:19Z
<55cbac7e-8f05-433e-8ab3-31c84cb374a1@mstrangeadvisoryco.com>,scam,,,FALSE,2025-03-02T00:54:03Z
<80159641-71c8-4b83-8f10-8017da46137e@amjece.com>,bec,,,FALSE,2025-03-02T00:51:49Z
<22.1C.22385.BBAA3C76@i-010afefbbb1256ef3.mta1vrest.sd.prd.sparkpost>,phishing,,,FALSE,2025-03-02T00:51:00Z
<CADctGCJ6nyM4j4SAYgbXRY8pA+tG+iJfDTUCNdGoe79G_sh8Kw@mail.gmail.com>,scam,,,FALSE,2025-03-02T00:45:15Z
<20250212132711.6A15E2DA1514@kes.vimosagoodyear.com.mx>,scam,,,FALSE,2025-03-02T00:38:46Z
<20250212070322.6166E2D64C94@kes.vimosagoodyear.com.mx>,scam,,,FALSE,2025-03-02T00:38:18Z
<CALqPup6Yw_DkB5g3yahCQA5kBDi4bWa-qFArHWJ2BL-YRJzP7w@mail.gmail.com>,scam,,,FALSE,2025-03-02T00:32:29Z
<CACgioJrUKNH0P+eddQFW+P9qhMfvdMem1WRsFzKxXm+6N1mM4g@mail.gmail.com>,scam,,,FALSE,2025-03-02T00:19:14Z
<autogen-java-763b9852-8135-4d71-b7a7-89b6a9cb5f82@google.com>,malicious,,,FALSE,2025-03-02T00:17:41Z
<CAHUccpnVgQd8=UD75odEw6a6754UCmrdX9z7V=nNKQmPoEz71A@mail.gmail.com>,scam,,,FALSE,2025-03-02T00:15:06Z
<9E.FF.22449.372A3C76@i-07f888b199d2c7730.mta1vrest.sd.prd.sparkpost>,phishing,,,FALSE,2025-03-02T00:14:49Z
<20250302001435.d978e7ce610743ea@business3.theinsurancequoter.com>,phishing,,,FALSE,2025-03-02T00:14:39Z
<20250302001335.20a3003af2bfc133@business3.theinsurancequoter.com>,phishing,,,FALSE,2025-03-02T00:14:08Z
<20250302001357.797084226d72b6b1@business1.theinsurancequoter.com>,phishing,,,FALSE,2025-03-02T00:14:04Z
<f7ab454c-47c1-4809-a8e6-4b106277365b@ijomfs.org>,bec,,,FALSE,2025-03-02T00:13:34Z
<67c3a26f.050a0220.3784f3.b88b@mx.google.com>,scam,,,FALSE,2025-03-02T00:12:38Z
<a2aee74cb87c56589b3178d33084ae8135f69d@gulfpowertc.com>,phishing,,,FALSE,2025-03-02T00:06:19Z
<20250301200953.b64bf8bd46b3e892@business2.theinsurancequoter.com>,phishing,,,FALSE,2025-03-02T00:05:08Z
<autogen-java-0af39c05-b44d-4aa4-a128-4793c37c5fd7@google.com>,malicious,,,FALSE,2025-03-02T00:04:49Z
<20250302000235.dcf22a5a255a28c4@business3.theinsurancequoter.com>,phishing,,,FALSE,2025-03-02T00:02:40Z
<1740873608037982027.1.7242764350949511723@listmonk.example.com>,scam,,,FALSE,2025-03-02T00:01:19Z
<132b7e03cb8faf7deba6ac6e21856463@straightlinesource.com>,phishing,,,FALSE,2025-03-02T00:01:00Z
<1740873598402.HSBC.estatement.and.eadvice.26527064.2520749.9731598256@notification.hsbc.com.hk>,bec,,,FALSE,2025-03-02T00:00:22Z
<adf8abd2-bfbd-4fd5-9d09-91748ac6cb54@khconsultinc.com>,scam,,,FALSE,2025-03-01T23:49:03Z
<autogen-java-0f6ec8dc-2294-4ef1-9add-6e800518230f@google.com>,malicious,,,FALSE,2025-03-01T23:48:46Z
<AC7000000006DDC24D80BBA1A32metropolis_mkt_prod1@emails.drapersonline.com>,phishing,,,FALSE,2025-03-01T23:45:22Z
<af1e4b13-0186-46f8-936a-075717869e33@mtasv.net>,phishing,,,FALSE,2025-03-01T23:41:49Z
<1740872371264.HSBC.estatement.and.eadvice.1003853554.2520749.9731547014@notification.hsbc.com.hk>,bec,,,FALSE,2025-03-01T23:40:06Z
<d4e8a679-9779-4164-9e3e-0316a7ea1362@mtasv.net>,phishing,,,FALSE,2025-03-01T23:36:00Z
<d5a9031d-28df-40fd-a76c-c545f1d9ebf3@mtasv.net>,phishing,,,FALSE,2025-03-01T23:32:02Z
<20250226235912.6CA062F68B00@kes.vimosagoodyear.com.mx>,scam,,,FALSE,2025-03-01T23:31:57Z
<CAGQS__btAbEOQ+Rv=0d8+zEp=c+xe2mNRW37nwxOkuFvm=ctoA@mail.gmail.com>,scam,,,FALSE,2025-03-01T23:31:07Z
<CAGQS__btAbEOQ+Rv=0d8+zEp=c+xe2mNRW37nwxOkuFvm=ctoA@mail.gmail.com>,scam,,,FALSE,2025-03-01T23:31:05Z
<d9f54783-07b1-4c90-99d7-a7087028469a@mtasv.net>,phishing,,,FALSE,2025-03-01T23:30:40Z
<2fd786ea-0919-4e12-b9e6-0f710bac0a7f@mtasv.net>,phishing,,,FALSE,2025-03-01T23:28:03Z
<c285a94b-3d01-4fc7-8998-396791488d2a@mtasv.net>,phishing,,,FALSE,2025-03-01T23:25:20Z
<d11633d6-e48f-4ed8-8d7a-8762dd3f63cf@mywoofbakeryco.com>,scam,,,FALSE,2025-03-01T23:24:39Z
<20250301232218.f30a74d5abe5554e@business3.theinsurancequoter.com>,phishing,,,FALSE,2025-03-01T23:22:21Z
<251530514825288686@jngomktg.net>,malicious,,,FALSE,2025-03-01T23:17:01Z
<20250301192130.48965C85916@mail.yichang.com.pe>,scam,,,FALSE,2025-03-01T23:14:12Z
<b9cea30c-60ee-4788-88d4-c4a77fc400bf@mtasv.net>,phishing,,,FALSE,2025-03-01T23:12:05Z
<20250301230834.4128df1c395caf2c@business3.theinsurancequoter.com>,phishing,,,FALSE,2025-03-01T23:08:38Z
<20250301230735.8f0de0a185ed59d9@mca1.creditformerchants.co.uk>,phishing,,,FALSE,2025-03-01T23:07:55Z
<a46bf4a4-1eb4-4d4d-bf6d-27e4e741acc5@mtasv.net>,phishing,,,FALSE,2025-03-01T23:07:29Z
<10535d6c-80bd-4be5-addb-bbf354e4310b@mtasv.net>,phishing,,,FALSE,2025-03-01T23:06:28Z
<4upj6eo972gj.5zlGwjfQlMsxpTX4bWgWeA2@tracking.int-symposium.net>,phishing,,,TRUE,2025-03-01T23:05:13Z
<73f7787a-7d75-4b57-8792-1ddbb4ba0231@mtasv.net>,phishing,,,FALSE,2025-03-01T23:02:58Z
<a0fda0cd-95b6-434f-811a-037abe535c9d@mtasv.net>,phishing,,,FALSE,2025-03-01T22:59:34Z
<174086967510.439952.17464153274830112095@promediazone.com>,phishing,,,FALSE,2025-03-01T22:55:51Z
<06b29e31-b579-4c8c-84a2-b3d4949ee6a8@mtasv.net>,phishing,,,FALSE,2025-03-01T22:53:35Z
<fe20f4a8-117a-4c57-821e-2233cd6a8aee@mtasv.net>,phishing,,,FALSE,2025-03-01T22:53:32Z
<80a577cb-a809-47ba-891d-2071da06bc62@mtl-mta03-out2>,phishing,,,FALSE,2025-03-01T22:51:57Z
<153e8c66-f500-4877-9167-e585fd7e6b72@ijodsaa.org>,bec,,,FALSE,2025-03-01T22:42:52Z
<20250301223957.390f10579758db54@business1.theinsurancequoter.com>,phishing,,,FALSE,2025-03-01T22:40:04Z
<20250301223634.825e0eb33d592392@business1.theinsurancequoter.com>,phishing,,,FALSE,2025-03-01T22:36:38Z
<CA+Dz3eZ4YiEcc_Lt7DcRnr6=tdDLyrPnBSTVzZcvLhYJ3MX99w@mail.gmail.com>,scam,,,FALSE,2025-03-01T22:32:46Z
<1_jG5N7MtX6Md@boletinesv3.hyperionat.com>,phishing,,,FALSE,2025-03-01T22:23:46Z
<52.3C.22439.CB783C76@i-057d31c6a9f14b243.mta1vrest.sd.prd.sparkpost>,phishing,,,FALSE,2025-03-01T22:21:58Z
<20250301220734.0f8c3ffe27533a61@business2.theinsurancequoter.com>,phishing,,,FALSE,2025-03-01T22:17:56Z
<20250213014226.4B5D17F58670B95E@biilbook.com>,phishing,,,FALSE,2025-03-01T22:14:39Z
<a34a0362-edee-46ba-bb5c-9ee46774411b@easj.org>,bec,,,FALSE,2025-03-01T22:06:48Z
<20250301220635.afe9d4c973f2fd44@mca1.creditformerchants.co.uk>,phishing,,,FALSE,2025-03-01T22:06:40Z
<B2.0F.22751.42573C76@i-09dc9bf4be0c4b9ea.mta1vrest.sd.prd.sparkpost>,phishing,,,FALSE,2025-03-01T22:02:46Z
<20250301220228.8be86008247c328c@business3.theinsurancequoter.com>,phishing,,,FALSE,2025-03-01T22:02:34Z
<34.E7.22313.60283C76@i-061d73a1544757ab2.mta1vrest.sd.prd.sparkpost>,phishing,,,FALSE,2025-03-01T21:56:16Z
<20250301134712.4A8DDE9F3FD@mail.acnabin-bd.com>,scam,,,FALSE,2025-03-01T21:53:26Z
<20250301201929.CF608FB76F1BFB5C@wsdcte.site>,scam,,,FALSE,2025-03-01T21:51:08Z
<20250301214810.2d55b6dc83a1ffd4@business3.theinsurancequoter.com>,phishing,,,FALSE,2025-03-01T21:48:17Z
<CAL534hemyas_LmNeJNV5QcaM1obEnYnFfC6Bhh8u2dqUTBkO1w@mail.gmail.com>,scam,,,FALSE,2025-03-01T21:47:33Z
<20250301214527.61ec4cabef7f5bd3@business3.theinsurancequoter.com>,phishing,,,FALSE,2025-03-01T21:45:31Z
<20250301194857.f7c08c52056ab965@business2.theinsurancequoter.com>,phishing,,,FALSE,2025-03-01T21:44:10Z
<b549f02c-c529-40bb-8e50-c88568fb7d93@ownaconcreteman.com>,scam,,,FALSE,2025-03-01T21:43:00Z
<autogen-java-c6fbe0e0-8a0b-40c5-ab58-12440261989d@google.com>,malicious,,,FALSE,2025-03-01T21:42:43Z
<20250301133825.61F38E9C2D7@mail.acnabin-bd.com>,scam,,,FALSE,2025-03-01T21:41:58Z
<20250301204236.D7DC42E776762105@engstm.space>,scam,,,FALSE,2025-03-01T21:41:53Z
<20250301213934.ccc7693a3dae6312@business1.theinsurancequoter.com>,phishing,,,FALSE,2025-03-01T21:39:38Z
<1740864743.507a2415c5eba227436f0349f92b2119@zero-ticket.fr>,phishing,,,FALSE,2025-03-01T21:36:57Z
<20250228130239.E9E85A078F6E3773@domain-xyz.top>,scam,,,FALSE,2025-03-01T21:35:55Z
<20250301211041.15e6caf10fedca80@business3.theinsurancequoter.com>,phishing,,,FALSE,2025-03-01T21:35:49Z
<20250301212437.70685ec30c00f160@business1.theinsurancequoter.com>,phishing,,,FALSE,2025-03-01T21:34:47Z
<20250301210900.4858f50e7148c2f0@business3.theinsurancequoter.com>,phishing,,,FALSE,2025-03-01T21:34:10Z
<20250301210439.d5bb879648393c57@business3.theinsurancequoter.com>,phishing,,,FALSE,2025-03-01T21:29:51Z
<20250301212555.615c8cda61dc1c6a@business1.theinsurancequoter.com>,phishing,,,FALSE,2025-03-01T21:26:15Z
<mid-5fa4d1d03a8c0a6f62ae6859fa71ac18-1054@ztech.tranztechsolutions.com>,phishing,,,FALSE,2025-03-01T20:54:50Z
<20250210165836.35CB370D907654B6@biilbook.com>,phishing,,,FALSE,2025-03-01T20:50:28Z
<6a164fea-943f-4ecf-865f-69bdee4ca73c@ijoaos.com>,bec,,,FALSE,2025-03-01T20:49:28Z
<174086171996.466.14526073764493183590@wowmaniac24.pl>,phishing,,,FALSE,2025-03-01T20:42:31Z
<51bf3bc5-f105-4649-816b-c601932712d4@surgeryj.org>,bec,,,FALSE,2025-03-01T20:37:45Z
<20250301160346.0153225B8204@zimbra.comune.latina.it>,scam,,,FALSE,2025-03-01T20:34:02Z
<20250301160330.2EBC225B8165@zimbra.comune.latina.it>,scam,,,FALSE,2025-03-01T20:32:17Z
<8be56bb0-38e2-4737-8836-c1fd0aa1980f@mtl-mta03-out2>,phishing,,,FALSE,2025-03-01T20:26:33Z
<67c36c35.050a0220.f8e94.1757@mx.google.com>,scam,,,FALSE,2025-03-01T20:21:17Z
<mid-75a0a9953a3254c291ef6425cfb33001-2224@cop.shopblazeice.com>,phishing,,,FALSE,2025-03-01T20:18:34Z
<20250301200759.dae1d7a56c701171@business1.theinsurancequoter.com>,phishing,,,FALSE,2025-03-01T20:08:04Z
<CAFDkaNUE7HbP76KecqUothSnEWjXPAW2y+N9pG1mjhrk-kk12w@mail.gmail.com>,scam,,,FALSE,2025-03-01T20:03:07Z
<D7.EC.22562.CD663C76@i-034f6229b3d205d12.mta1vrest.sd.prd.sparkpost>,phishing,,,FALSE,2025-03-01T20:00:56Z
<c14b2f3420c544fd81bc539e77961769_CAJ9v_n+V3SV9BA7+2FPavCn5qedT3Z6XB4v36LXgamT9ZZcHSw@mail.gmail.com>,scam,,,FALSE,2025-03-01T19:58:49Z
<20250211211534.68A392C0947B@kes.vimosagoodyear.com.mx>,scam,,,FALSE,2025-03-01T19:57:41Z
<431226010745629914697@win97020>,scam,,,FALSE,2025-03-01T19:53:45Z
<20250301115219.F8ECB762AF042FF2@e9mail.com>,scam,,,FALSE,2025-03-01T19:52:36Z
<f61a34d2-e690-49c2-9a8c-21854fcde166@AM4PEPF00027A69.eurprd04.prod.outlook.com>,scam,,,FALSE,2025-03-01T19:50:37Z
<20250301194941.7b31c6f8beebea13@business3.theinsurancequoter.com>,phishing,,,FALSE,2025-03-01T19:49:45Z
<20250301194844.8460c07322ead4bb@business3.theinsurancequoter.com>,phishing,,,FALSE,2025-03-01T19:48:51Z
<20250301193634.bc6795e0aa128c5a@business2.theinsurancequoter.com>,phishing,,,FALSE,2025-03-01T19:46:58Z
<20250301194534.48f87c6d5e94b0ad@business3.theinsurancequoter.com>,phishing,,,FALSE,2025-03-01T19:45:40Z
<76d2178f-e58a-48ab-a4e6-ae39f52c7693@iconfhmls.com>,bec,,,FALSE,2025-03-01T19:44:28Z
<20250301193741.8bdc8603f1acbb62@business3.theinsurancequoter.com>,phishing,,,FALSE,2025-03-01T19:37:45Z
<003901db8b24$a232cacb$001bdb4e@mail.ru>,scam,,,FALSE,2025-03-01T19:36:04Z
<67c36131.170a0220.c89e7.8a72@mx.google.com>,scam,,,FALSE,2025-03-01T19:34:16Z
<20250301192140.d289f3378014dafe@business2.theinsurancequoter.com>,phishing,,,FALSE,2025-03-01T19:32:15Z
<20250301192838.31051c87c067604a@business3.theinsurancequoter.com>,phishing,,,FALSE,2025-03-01T19:28:42Z
<20250301192535.c218709881f0fcd6@business1.theinsurancequoter.com>,phishing,,,FALSE,2025-03-01T19:25:40Z
<5a7cad6a0737c41812c470152b17210@salaryquotes.com>,malicious,,,FALSE,2025-03-01T19:24:47Z
<d520a900-f095-4297-bee7-3bf5d8d5b02c@DB1PEPF0003922E.eurprd03.prod.outlook.com>,scam,,,FALSE,2025-03-01T19:18:38Z
<20250301185255.100d94cafe39d696@business2.theinsurancequoter.com>,phishing,,,FALSE,2025-03-01T19:18:06Z
<CAEwKjkG3FHNjVM_4G6sQSyvi=wn8aOQ5HFwCW3xH3=z+SnTvqQ@mail.gmail.com>,scam,,,FALSE,2025-03-01T19:12:18Z
<20250301082649.AA7BD60CF1B@mail.an.bf>,scam,,,FALSE,2025-03-01T19:11:49Z
<20250301191058.8cbe256ca0f79c99@business1.theinsurancequoter.com>,phishing,,,FALSE,2025-03-01T19:11:17Z
<20250301180545.B5BF29B9760@mail.yichang.com.pe>,scam,,,FALSE,2025-03-01T19:10:50Z
<1462d5cb-db5d-4040-85b4-4df2dac41f8a@ajomaa.org>,bec,,,FALSE,2025-03-01T19:06:52Z
<20250301190539.e0ae4aaccf3dac19@business1.theinsurancequoter.com>,phishing,,,FALSE,2025-03-01T19:06:27Z
<67c358c6.050a0220.23ebd0.a74d@mx.google.com>,scam,,,FALSE,2025-03-01T18:58:17Z
<c8e07c90f1d44f09a3ca23db7fb32371_CAJ9v_nKJcuXzEohEroJLh+8__e=YZMP0gVeX-xBDiXa+VjOFsA@mail.gmail.com>,scam,,,FALSE,2025-03-01T18:58:13Z
<20250301185736.7be2b6380149d6bf@business3.theinsurancequoter.com>,phishing,,,FALSE,2025-03-01T18:57:46Z
<20250301185635.7862974e127e234f@business2.theinsurancequoter.com>,phishing,,,FALSE,2025-03-01T18:57:11Z
<AC7000000006DDC24D80BBA1A32metropolis_mkt_prod1@emails.drapersonline.com>,phishing,,,FALSE,2025-03-01T18:55:45Z
<20250301184832.d6172fad3ef54ab9@us.creditformerchants.com>,phishing,,,FALSE,2025-03-01T18:49:04Z
<174085470392.439952.2990806424704855479@promediazone.com>,phishing,,,FALSE,2025-03-01T18:46:07Z
<20250301184453.af2226690a55347d@business2.theinsurancequoter.com>,phishing,,,FALSE,2025-03-01T18:44:58Z
<20250301184343.179110f276828a7d@business3.theinsurancequoter.com>,phishing,,,FALSE,2025-03-01T18:43:51Z
<184ab8ce-69cd-4508-9425-ba85a705478a@ijodsaa.org>,bec,,,FALSE,2025-03-01T18:35:53Z
<20250301183333.29aeb8400ebd7236@us.creditformerchants.com>,phishing,,,FALSE,2025-03-01T18:33:53Z
<83.28.22435.98253C76@i-087806c78a7f86976.mta1vrest.sd.prd.sparkpost>,phishing,,,FALSE,2025-03-01T18:33:42Z
<autogen-java-bf22b90e-5d37-40eb-874a-364b107d1969@google.com>,malicious,,,FALSE,2025-03-01T18:29:22Z
<174085337586.466.9211353177918461515@promediazone.com>,phishing,,,FALSE,2025-03-01T18:23:43Z
<20250301182233.cb0550d8cdd4d444@us.creditformerchants.com>,phishing,,,FALSE,2025-03-01T18:23:10Z
<0ba236e9-2daf-4f76-84f9-35fcf5aa2cd2@DB1PEPF00039230.eurprd03.prod.outlook.com>,scam,,,FALSE,2025-03-01T18:21:22Z
<20250301182034.1C1BB4006D@intelligentreturns.net>,scam,,,FALSE,2025-03-01T18:20:38Z
<251530514825292190@jngomktg.net>,malicious,,,FALSE,2025-03-01T18:19:51Z
<autogen-java-41090ee4-f27b-46a8-b7b7-770c3ca02055@google.com>,malicious,,,FALSE,2025-03-01T18:19:13Z
<00d808d4644a50d1cf79b6cee6da3607@geonenergy.com>,phishing,,,FALSE,2025-03-01T18:18:39Z
<20250301180703.45dc90e5ee415d5d@business1.theinsurancequoter.com>,phishing,,,FALSE,2025-03-01T18:07:08Z
<b99aa0e2-68de-4c39-825a-271f77652cb8@fra3s50mta455.xt.local>,malicious,,,FALSE,2025-03-01T18:07:05Z
<20250301180655.9fdbae5f981c37e8@business2.theinsurancequoter.com>,phishing,,,FALSE,2025-03-01T18:07:03Z
<5476de33-b3c5-4ae7-a1f6-fea7a4517d7b@AMS0EPF000001A1.eurprd05.prod.outlook.com>,scam,,,FALSE,2025-03-01T18:06:39Z
<b1fe77df-66d0-4445-90be-c2916cb7316f@fra3s50mta461.xt.local>,malicious,,,FALSE,2025-03-01T18:05:34Z
<b4cbab2d-5dbd-41f6-b018-a7c275985dae@fra3s50mta461.xt.local>,malicious,,,FALSE,2025-03-01T18:05:28Z
<3dbc0a59-9b45-4b38-bcd2-cdecd05edfc8@fra3s50mta453.xt.local>,malicious,,,FALSE,2025-03-01T18:05:19Z
<20250225101610.EBF892CA5C81@kes.vimosagoodyear.com.mx>,scam,,,FALSE,2025-03-01T18:01:18Z
<62963995470242180816703@win96153>,scam,,,FALSE,2025-03-01T17:56:30Z
<20250301155957.a4a02f793ca72ab8@business2.theinsurancequoter.com>,phishing,,,FALSE,2025-03-01T17:55:09Z
<d8870333-ecc9-4e4e-8e47-b84840f9c6a1@mtl-mta04-out1>,phishing,,,FALSE,2025-03-01T17:52:19Z
<94bb882e-ea27-4b1d-82a1-2f3b7f94eeb0@mtl-mta04-out1>,phishing,,,FALSE,2025-03-01T17:46:40Z
<mid-0bb9ee319c058785af976be699b15758-1265@store.key2restoration.com>,phishing,,,FALSE,2025-03-01T17:44:15Z
<204a1f9af6fa96f04fa2f28acadfd9@salaryvalues.com>,malicious,,,FALSE,2025-03-01T17:42:39Z
<20250301172954.4b11148f7681922f@business2.theinsurancequoter.com>,phishing,,,FALSE,2025-03-01T17:40:00Z
<20250301173043.e9b3772f18e9bc80@business3.theinsurancequoter.com>,phishing,,,FALSE,2025-03-01T17:30:48Z
<mid-016468e4b7b768770c912fb317707632-2223@blaze.shopblazeice.com>,phishing,,,FALSE,2025-03-01T17:30:43Z
<20250301172955.c068cdd7b9cf3971@business2.theinsurancequoter.com>,phishing,,,FALSE,2025-03-01T17:30:04Z
<793b8a90-31f1-4406-961d-87de9a3b62e4@mtl-mta04-out1>,phishing,,,FALSE,2025-03-01T17:29:39Z
<34.62.22325.30343C76@i-05eb2300f57bc698d.mta1vrest.sd.prd.sparkpost>,phishing,,,FALSE,2025-03-01T17:27:27Z
<2042ebd4-bd2a-46f0-a077-719dc088a44f@mtl-mta04-out1>,phishing,,,FALSE,2025-03-01T17:26:50Z
<mid-44162ad563a973e49a94326c2e639680-1873@ship.bagaleadership.com>,phishing,,,FALSE,2025-03-01T17:25:49Z
<mid-4c99f8285084747c71f963236ec9fc94-2224@cop.shopblazeice.com>,phishing,,,FALSE,2025-03-01T17:25:36Z
<98.EE.22157.90243C76@i-02de6e9a9f739d5f2.mta1vrest.sd.prd.sparkpost>,phishing,,,FALSE,2025-03-01T17:24:31Z
<20250301172335.36722c97df645741@mca1.creditformerchants.co.uk>,phishing,,,FALSE,2025-03-01T17:23:55Z
<4f4fd589856f414f9fcc2784c2ebd87e_CAJ9v_nLsD16xp7qb3UYPsAf3RcJnK1JzOoOaiucgMRw9EJVUpw@mail.gmail.com>,scam,,,FALSE,2025-03-01T17:21:09Z
<67c341a6.050a0220.2e854d.674d@mx.google.com>,scam,,,FALSE,2025-03-01T17:19:38Z
<51.53.22345.4E043C76@i-02860b10cb1acc969.mta1vrest.sd.prd.sparkpost>,phishing,,,FALSE,2025-03-01T17:18:27Z
<CANoYnBOv+zpgZHy_y20bWWHHkeR0n8Raw3+Qc7UDea_=rASfYQ@mail.gmail.com>,scam,,,FALSE,2025-03-01T17:12:49Z
<20250301171056.854f2ce141175933@business1.theinsurancequoter.com>,phishing,,,FALSE,2025-03-01T17:11:00Z
<f6556a3a-aa08-4a8c-8580-aa888e3158bc@DB3PEPF0000885A.eurprd02.prod.outlook.com>,scam,,,FALSE,2025-03-01T17:10:53Z
<634227dc-f468-4e10-910d-5db606505828@icphms.org>,bec,,,FALSE,2025-03-01T17:10:50Z
<mid-4f75e28c8fc46b00ead0f90148d23f16-2199@soul.mindfullhealthfoods.com>,phishing,,,FALSE,2025-03-01T17:10:35Z
<20250301170850.074D42800091@mail.omzgy.com>,bec,,,FALSE,2025-03-01T17:09:43Z
<20250301170850.074D42800091@mail.omzgy.com>,bec,,,FALSE,2025-03-01T17:09:39Z
<67c0e3c6a8456_1d5c00_798_fb@worker-mail-5974bdcd48-s6fqg.mail>,scam,,,FALSE,2025-03-01T17:09:05Z
<AC7000000006DDC24D80BBA1A32metropolis_mkt_prod1@emails.drapersonline.com>,phishing,,,FALSE,2025-03-01T17:08:11Z
<ca48b510-9c2e-4d85-b2f1-670f7931d85b@mtl-mta04-out1>,phishing,,,FALSE,2025-03-01T17:07:23Z
<3a77ae0f-ce00-4268-bcf8-59c24e81d93d@DB1PEPF00039232.eurprd03.prod.outlook.com>,scam,,,FALSE,2025-03-01T17:03:19Z
<20250301165056.3caa67cfd8882231@business2.theinsurancequoter.com>,phishing,,,FALSE,2025-03-01T17:01:02Z
<032da7f6-b81a-4b79-a321-b7fe2eda43bc@mtl-mta04-out1>,phishing,,,FALSE,2025-03-01T16:52:11Z
<60.F7.22177.EA933C76@i-06394c5e8117d8b24.mta1vrest.sd.prd.sparkpost>,phishing,,,FALSE,2025-03-01T16:47:38Z
<dca83204-a330-41bf-99be-c0cf4d7b7139@mtl-mta04-out1>,phishing,,,FALSE,2025-03-01T16:44:51Z
<20250301164343.e9d0d2e715a30974@business3.theinsurancequoter.com>,phishing,,,FALSE,2025-03-01T16:43:47Z
<autogen-java-cc7adda2-1b57-4c72-b300-ca9ddb082d5c@google.com>,malicious,,,FALSE,2025-03-01T16:42:10Z
<f68ae61e-b314-4014-b65d-5513691e04de@mtl-mta04-out1>,phishing,,,FALSE,2025-03-01T16:40:12Z
<20250301163945.3463a3fe8f16931a@business3.theinsurancequoter.com>,phishing,,,FALSE,2025-03-01T16:39:52Z
<20250301163916.adbbffa68ac640aa@business3.theinsurancequoter.com>,phishing,,,FALSE,2025-03-01T16:39:23Z
<E1toPpY-0006AF-Am@dedi3164306-2.eu.tuservidoronline.com>,scam,,,FALSE,2025-03-01T16:36:56Z
<5a5d2392-57ff-4c64-8e88-f2044d8142a6@mtl-mta04-out1>,phishing,,,FALSE,2025-03-01T16:36:05Z
<997e9d0e-836c-4c07-929b-9a9c62c165d5@mtl-mta04-out1>,phishing,,,FALSE,2025-03-01T16:35:45Z
<554030431.208930.1740846756493@2834954c6074>,scam,,,FALSE,2025-03-01T16:33:56Z
<CA+gAfBhPjPzwU26B6weDZsOy-Dq5k9xkmE9EPhH+GwY24fNKBQ@mail.gmail.com>,scam,,,FALSE,2025-03-01T16:32:53Z
<17.F4.22682.E8433C76@i-0edf959b1012dafa2.mta1vrest.sd.prd.sparkpost>,phishing,,,FALSE,2025-03-01T16:26:46Z
<20250301172452.10C4A35F1CA0DAAF@cheng-hau.com>,scam,,,FALSE,2025-03-01T16:24:58Z
<E1toPdu-0007dN-Qy@dedi3164306-2.eu.tuservidoronline.com>,scam,,,FALSE,2025-03-01T16:24:56Z
<0dc6eafc-a0bc-4e37-8377-7e92b3a74020@AM4PEPF00027A5E.eurprd04.prod.outlook.com>,scam,,,FALSE,2025-03-01T16:22:32Z
<20250301161936.2b8ffb8909e2c1be@business3.theinsurancequoter.com>,phishing,,,FALSE,2025-03-01T16:19:42Z
<86c62cf3-4769-42d3-a442-c90c19da8228@DU2PEPF00028D0A.eurprd03.prod.outlook.com>,scam,,,FALSE,2025-03-01T16:19:21Z
<20250301161836.3d795ddf17d50335@business3.theinsurancequoter.com>,phishing,,,FALSE,2025-03-01T16:18:40Z
<1_6LYz6LcPrme@boletinesv3.hyperionat.com>,phishing,,,FALSE,2025-03-01T16:18:35Z
<CAPGd-URgda_62m4fsmzhL0bWYreVfAZ=Kou_hvBC3n+F47qDFg@mail.gmail.com>,scam,,,FALSE,2025-03-01T16:15:37Z
<CADWFe=M+gO0kxtO+-NxZjbD5YYmrbnpq8kEC9SeUs7nCXdgXdQ@mail.gmail.com>,phishing,,,FALSE,2025-03-01T16:11:00Z
<20250301161038.da579ead2c0d15b6@business1.theinsurancequoter.com>,phishing,,,FALSE,2025-03-01T16:10:58Z
<CAEJFEr7ped1bVDaTeJAU-xS6umaexQDoQykX6Cp0U08-=mPqVA@mail.gmail.com>,scam,,,FALSE,2025-03-01T16:09:47Z
<CADWFe=M+gO0kxtO+-NxZjbD5YYmrbnpq8kEC9SeUs7nCXdgXdQ@mail.gmail.com>,phishing,,,FALSE,2025-03-01T16:09:05Z
<CADWFe=M+gO0kxtO+-NxZjbD5YYmrbnpq8kEC9SeUs7nCXdgXdQ@mail.gmail.com>,phishing,,,FALSE,2025-03-01T16:08:22Z
<CAEJFEr7Xn4ccrCg14S0sqQTRwzZC-mTd+cA3AyUMjBsM1FA+Dw@mail.gmail.com>,scam,,,FALSE,2025-03-01T16:08:06Z
<CAEJFEr7Xn4ccrCg14S0sqQTRwzZC-mTd+cA3AyUMjBsM1FA+Dw@mail.gmail.com>,scam,,,FALSE,2025-03-01T16:08:03Z
<CADWFe=M+gO0kxtO+-NxZjbD5YYmrbnpq8kEC9SeUs7nCXdgXdQ@mail.gmail.com>,phishing,,,FALSE,2025-03-01T16:06:27Z
<CADWFe=M+gO0kxtO+-NxZjbD5YYmrbnpq8kEC9SeUs7nCXdgXdQ@mail.gmail.com>,phishing,,,FALSE,2025-03-01T16:04:22Z
<CADWFe=M+gO0kxtO+-NxZjbD5YYmrbnpq8kEC9SeUs7nCXdgXdQ@mail.gmail.com>,phishing,,,FALSE,2025-03-01T16:02:29Z
<CADWFe=M+gO0kxtO+-NxZjbD5YYmrbnpq8kEC9SeUs7nCXdgXdQ@mail.gmail.com>,phishing,,,FALSE,2025-03-01T16:02:00Z
<CAH7uTE3JTqXd6F5fQfBnUTo4OcnXOVE_=YSvgN876_xmEAPRsg@mail.gmail.com>,bec,,,FALSE,2025-03-01T16:00:19Z
<CAACBfM+=c=ddfCpK5CcX0_KXy9me_gQuJCa7DbkXF7bpksDeZg@mail.gmail.com>,scam,,,FALSE,2025-03-01T15:56:17Z
<CAACBfM+=c=ddfCpK5CcX0_KXy9me_gQuJCa7DbkXF7bpksDeZg@mail.gmail.com>,scam,,,FALSE,2025-03-01T15:56:16Z
<CALPeKZECgHnpwg6tdy63YMkNsUC-U4E7yv+TrPnP5pf7mDtcAQ@mail.gmail.com>,scam,,,FALSE,2025-03-01T15:50:36Z
<CALPeKZGkZJpjhf8DWkaOA1TBROAFkqzRhFraMwDf=1fnV7LMCw@mail.gmail.com>,scam,,,FALSE,2025-03-01T15:50:02Z
<6ae19496-133c-4e2e-af6f-0d271a47afb5@mtl-mta03-out2>,phishing,,,FALSE,2025-03-01T15:47:28Z
<AC7000000006DDC24D80BBA1A32metropolis_mkt_prod1@emails.drapersonline.com>,phishing,,,FALSE,2025-03-01T15:46:30Z
<1138939621.3312881.1740843852574@mail.yahoo.com>,scam,,,FALSE,2025-03-01T15:46:19Z
<36db9efc-1f26-47b2-8f93-7ceae213e112@DB5PEPF00014B89.eurprd02.prod.outlook.com>,scam,,,FALSE,2025-03-01T15:42:03Z
<CAHLZFHEzetGv5b5rwAbVfETKXRiaL2hwg-OmRL-ZEW5bGypiZQ@mail.gmail.com>,scam,,,FALSE,2025-03-01T15:28:23Z
<42.FA.22228.8A623C76@i-0ae128cef6bd5544c.mta1vrest.sd.prd.sparkpost>,phishing,,,FALSE,2025-03-01T15:26:58Z
<bd9069fdfb83443d81d4d18d095736da_CAJ9v_n+hjHby6q8Q+gm505S3NcV1D3_UJNBNr52AHaskfCqtTw@mail.gmail.com>,scam,,,FALSE,2025-03-01T15:23:02Z
<20250301152045.890d1892fd5fcb80@business3.theinsurancequoter.com>,phishing,,,FALSE,2025-03-01T15:20:53Z
<CAKFW3gfM88oOWZpwaXM=njpa8R0DPuaJGUwaVmXrKL4MYwEWog@mail.gmail.com>,scam,,,FALSE,2025-03-01T15:19:43Z
<CAKFW3gfM88oOWZpwaXM=njpa8R0DPuaJGUwaVmXrKL4MYwEWog@mail.gmail.com>,scam,,,FALSE,2025-03-01T15:19:40Z
<CAKFW3gdcPCL74WOPRU2bipxs2iA3EfiNkPa6KqkVHKz8dtMnRA@mail.gmail.com>,scam,,,FALSE,2025-03-01T15:18:37Z
<CAKFW3gds7pF+Aeqir7FZZReEMiBYLoVEPHSku8Wab-0K8aYV+Q@mail.gmail.com>,scam,,,FALSE,2025-03-01T15:17:44Z
<e372c451-2da1-46a4-8d26-e8b26b974de3@AM4PEPF00027A61.eurprd04.prod.outlook.com>,scam,,,FALSE,2025-03-01T15:15:20Z
<CAKFW3gfaQ5iRao1N+1sRMB0tyv8CdCwJbSmty8s7m4QKpmSN5w@mail.gmail.com>,scam,,,FALSE,2025-03-01T15:12:55Z
<CAKFW3ge-zEEjKOPMf_Ojxi_2GsYOzq3WRgFP6_NUY2Y4KgejFg@mail.gmail.com>,scam,,,FALSE,2025-03-01T15:11:59Z
<555f420b-aa24-4b01-be1b-3adc517745c4@clinmr.org>,bec,,,FALSE,2025-03-01T15:10:52Z
<CALaG9AHMBO7yD4GzcvHpTiR13YqwSocXtYRs_pMDn4t0HYJPJw@mail.gmail.com>,scam,,,FALSE,2025-03-01T15:07:34Z
<20250301150603.871493f03eb9ba82@business3.theinsurancequoter.com>,phishing,,,FALSE,2025-03-01T15:06:08Z
<74c8135f5c919a6334267c81dd440047@localhost>,malicious,,,FALSE,2025-03-01T15:05:00Z
<mid-2bbf96c33f405ac4420b2f1d5f0c3adc-1522@rail.railsempire.com>,phishing,,,FALSE,2025-03-01T15:03:54Z
<20250302000051625.47947830044416@FFSPR003.FS>,phishing,,,FALSE,2025-03-01T15:03:42Z
<b231a913-2417-4a55-8a71-8f6338b798c4@texcelresearch.com>,malicious,,,FALSE,2025-03-01T15:03:09Z
<CAE8No4tsz5KC9QYx8H0hDzPqA_Ax4N1kf5761d=bXTjQuzkGSw@mail.gmail.com>,phishing,,,FALSE,2025-03-01T15:01:32Z
<21e4c017993f4321bc81b1da0774ac67_CAJ9v_nKkftZD-fW_Od_1suWfzh+1aw6k8tYsAgK3cgpzL5Gzgw@mail.gmail.com>,scam,,,FALSE,2025-03-01T15:01:31Z
<fcded74ca08942e4bebbbb0b33cce8d1_CAJ9v_nKkftZD-fW_Od_1suWfzh+1aw6k8tYsAgK3cgpzL5Gzgw@mail.gmail.com>,scam,,,FALSE,2025-03-01T15:01:29Z
<8b7c3ef3744f48ed9c3b555ad9cccf28_CAJ9v_nKkftZD-fW_Od_1suWfzh+1aw6k8tYsAgK3cgpzL5Gzgw@mail.gmail.com>,scam,,,FALSE,2025-03-01T15:01:27Z
<Share-5a4686a1-f011-8000-1031-3c3d17e56e36-4eed9bfc-2cb8-41f8-80e2-e04fc426933c-967238d4-4b47-4ea7-a050-51951f65bea5-r0-SendEmail@odspnotify>,phishing,,,FALSE,2025-03-01T15:00:18Z
<20250301235642683.47463548561152@FFSPR004.FS>,phishing,,,FALSE,2025-03-01T14:57:06Z
<20250301145434.3554c8e5854f10c3@business3.theinsurancequoter.com>,phishing,,,FALSE,2025-03-01T14:54:40Z
<CAD2zDbbhcKLWtiQgXTEMiCJMMdAyCY3OVn032KgLz48R1v-esQ@mail.gmail.com>,scam,,,FALSE,2025-03-01T14:49:04Z
<20250301144540.7042dee7af6239c0@business3.theinsurancequoter.com>,phishing,,,FALSE,2025-03-01T14:45:44Z
<CACYbMe6igtQ8oWqed3OdEzW+wmcatfZ2OFnmkFWZ9_rZYJdajw@mail.gmail.com>,scam,,,FALSE,2025-03-01T14:41:22Z
<mid-e7da1ff753a4aa7dff5399db7444cd95-1604@gap.pegakids.com>,phishing,,,FALSE,2025-03-01T14:38:56Z
<20250301143658.7a6a965f76234982@business2.theinsurancequoter.com>,phishing,,,FALSE,2025-03-01T14:37:06Z
<20250301143245.41992a323a19c4bf@business3.theinsurancequoter.com>,phishing,,,FALSE,2025-03-01T14:32:50Z
<384bdd09-08a7-43ab-8f6a-cc40d325db87@AM4PEPF00027A6A.eurprd04.prod.outlook.com>,scam,,,FALSE,2025-03-01T14:28:54Z
<CAP-DfJrqPYLeHjxpVLrBrsezrjAK2qwSGMfFmUZeW87_AL-vWQ@mail.gmail.com>,scam,,,FALSE,2025-03-01T14:28:25Z
<52391157-ddd4-445b-b3d3-03d6edcab122@DU2PEPF00028CFC.eurprd03.prod.outlook.com>,scam,,,FALSE,2025-03-01T14:28:09Z
<autogen-java-1aca7b9b-e20a-4c3e-bbb0-25959b195477@google.com>,malicious,,,FALSE,2025-03-01T14:25:43Z
<20250301232314195.47130878342912@FFSPR003.FS>,phishing,,,FALSE,2025-03-01T14:24:49Z
<20250301231936240.47594627688192@FFSPR004.FS>,phishing,,,FALSE,2025-03-01T14:21:20Z
<CAKOrLqomztqeaMUBD4-yDR-r_Pq1Sr2CRVED+NMRA8Y_N-ajbw@mail.gmail.com>,scam,,,FALSE,2025-03-01T14:20:26Z
<6225f64d-c849-4158-a50f-023fc90849bd@yourfrancoachco.com>,scam,,,FALSE,2025-03-01T14:16:16Z
<379ef9fa-afdd-4337-b233-22c3b1eea3e7@emssconf.com>,bec,,,FALSE,2025-03-01T14:14:45Z
<cd840d8220644f5f8458b98d7de21427_CAJ9v_nKD4o26tp2N3n1JfJ7r997a1kkyOfvoUL=OZN-0Di4wRA@mail.gmail.com>,scam,,,FALSE,2025-03-01T14:11:54Z
<0b3e554029db4249b36dc53061132caa_CAJ9v_nKD4o26tp2N3n1JfJ7r997a1kkyOfvoUL=OZN-0Di4wRA@mail.gmail.com>,scam,,,FALSE,2025-03-01T14:11:54Z
<2c54ffc4abd44eab8575bfb88de5e3c6_CAJ9v_nKD4o26tp2N3n1JfJ7r997a1kkyOfvoUL=OZN-0Di4wRA@mail.gmail.com>,scam,,,FALSE,2025-03-01T14:11:53Z
<6e5f416d4f804d8884e4f5cd964cd6cc_CAJ9v_nKD4o26tp2N3n1JfJ7r997a1kkyOfvoUL=OZN-0Di4wRA@mail.gmail.com>,scam,,,FALSE,2025-03-01T14:11:52Z
<20250301230755407.47264988948224@FFSPR004.FS>,phishing,,,FALSE,2025-03-01T14:10:02Z
<20250301140849.8e84d9e914aeaa89@business3.theinsurancequoter.com>,phishing,,,FALSE,2025-03-01T14:08:53Z
<AF.A9.22673.78313C76@i-09e473cab3b99dff6.mta1vrest.sd.prd.sparkpost>,phishing,,,FALSE,2025-03-01T14:06:07Z
<E1toNOK-00000004PC6-2OpU@rvs.virtual-mail-080.net>,malicious,,,FALSE,2025-03-01T14:04:27Z
<010001955203f087-d080c267-a1fb-4c39-b566-252a5316bd22-000000@email.amazonses.com>,phishing,,,FALSE,2025-03-01T14:02:44Z
<CAOqhZiMuaDSD9jUFgcPnOSBcRULsQCKwQ_d5pZHyLCe2r+V6Rw@mail.gmail.com>,scam,,,FALSE,2025-03-01T13:59:43Z
<CAOqhZiMuaDSD9jUFgcPnOSBcRULsQCKwQ_d5pZHyLCe2r+V6Rw@mail.gmail.com>,scam,,,FALSE,2025-03-01T13:59:40Z
<20250301225659413.47792947312384@FFSPR003.FS>,phishing,,,FALSE,2025-03-01T13:58:36Z
<CAOqhZiMa2HN5UDc+PQKOSs8vjTpR1RMmiqXR8WO2Lx3-4gKdfg@mail.gmail.com>,scam,,,FALSE,2025-03-01T13:58:31Z
<20250301133408.B3A4CE99EF3@mail.acnabin-bd.com>,scam,,,FALSE,2025-03-01T13:55:51Z
<35f301db8ab1$81db02a0$859107e0$@gmail.com>,phishing,,,FALSE,2025-03-01T13:54:53Z
<35e901db8ab1$80325bb0$80971310$@gmail.com>,phishing,,,FALSE,2025-03-01T13:54:50Z
<5b725776e80752de6c32e8490c6bb8fb44c0ac66@sourceproerp.in>,phishing,,,FALSE,2025-03-01T13:52:41Z
<AC7000000006DDC24D80BBA1A32metropolis_mkt_prod1@emails.drapersonline.com>,phishing,,,FALSE,2025-03-01T13:50:31Z
<20250301134635.1f898906c9191652@mca1.creditformerchants.co.uk>,phishing,,,FALSE,2025-03-01T13:46:51Z
<70243995470241157232292@win96153>,scam,,,FALSE,2025-03-01T13:46:38Z
<20250301134538.1c6695bd63c0f3ee@business1.theinsurancequoter.com>,phishing,,,FALSE,2025-03-01T13:45:43Z
<f14bc5eb-d759-4e0c-b425-07668f6e74da@AM3PEPF0000A79C.eurprd04.prod.outlook.com>,scam,,,FALSE,2025-03-01T13:45:04Z
<126196937279677.6.DKX6949317101@newpromou.click>,phishing,,,FALSE,2025-03-01T13:44:55Z
<6f8ecfef-4c1f-4c01-83f6-be21e1086719@AMS0EPF000001B3.eurprd05.prod.outlook.com>,scam,,,FALSE,2025-03-01T13:44:42Z
<20250301224111292.47522846418688@FFSPR004.FS>,phishing,,,FALSE,2025-03-01T13:43:15Z
<2cac7b$5frm42@esa1.hc676-42.c3s2.iphmx.com>,scam,,,FALSE,2025-03-01T13:42:45Z
<20250301133022.6FD08E9968C@mail.acnabin-bd.com>,scam,,,FALSE,2025-03-01T13:41:10Z
<20250301223858342.47505706342144@FFSPR004.FS>,phishing,,,FALSE,2025-03-01T13:41:00Z
<20250301132953.9898d48379be973d@business2.theinsurancequoter.com>,phishing,,,FALSE,2025-03-01T13:40:02Z
<c2146068-f598-4380-9cc1-17fba94bccd8@icphms.org>,bec,,,FALSE,2025-03-01T13:39:55Z
<37.8C.22313.68BF2C76@i-061d73a1544757ab2.mta1vrest.sd.prd.sparkpost>,scam,,,FALSE,2025-03-01T13:39:20Z
<20250301223726219.47806133946112@FFSPR004.FS>,phishing,,,FALSE,2025-03-01T13:39:15Z
<20250301223521222.47792947312384@FFSPR003.FS>,phishing,,,FALSE,2025-03-01T13:37:04Z
<20250301132536.B30CDE994ED@mail.acnabin-bd.com>,scam,,,FALSE,2025-03-01T13:33:44Z
<18e401db8aae$77cb5b00$67621100$@gmail.com>,phishing,,,FALSE,2025-03-01T13:33:08Z
<18df01db8aae$76c1b330$64451990$@gmail.com>,phishing,,,FALSE,2025-03-01T13:33:06Z
<18a201db8aae$71abaae0$550300a0$@gmail.com>,phishing,,,FALSE,2025-03-01T13:32:58Z
<20250301133052.ce891d9d0b2558e3@mca1.creditformerchants.co.uk>,phishing,,,FALSE,2025-03-01T13:31:15Z
<CACt6A3-SyhUhV2kznbrd_cWAECZp+7hsemULB9TTWVHTADbtCA@mail.gmail.com>,scam,,,FALSE,2025-03-01T13:28:54Z
<CAMWddgt3zPOonNwa=LwZsJUOX+CJhWfSioox9_x0fEkiH0cW=g@mail.gmail.com>,scam,,,FALSE,2025-03-01T13:28:06Z
<CAMWddgt3zPOonNwa=LwZsJUOX+CJhWfSioox9_x0fEkiH0cW=g@mail.gmail.com>,scam,,,FALSE,2025-03-01T13:28:05Z
<CAMWddgt3zPOonNwa=LwZsJUOX+CJhWfSioox9_x0fEkiH0cW=g@mail.gmail.com>,scam,,,FALSE,2025-03-01T13:28:04Z
